itemid,count_winstreak,mean_winstreak,std_winstreak,min_winstreak,25%_winstreak,50%_winstreak,75%_winstreak,max_winstreak,count_losestreak,mean_losestreak,std_losestreak,min_losestreak,25%_losestreak,50%_losestreak,75%_losestreak,max_losestreak,count_recentwinprob,mean_recentwinprob,std_recentwinprob,min_recentwinprob,25%_recentwinprob,50%_recentwinprob,75%_recentwinprob,max_recentwinprob,count_accumatches,mean_accumatches,std_accumatches,min_accumatches,25%_accumatches,50%_accumatches,75%_accumatches,max_accumatches,count_tier,unique_tier,top_tier,freq_tier
2,3.0,0.3333333333333333,0.5773502691896258,0.0,0.0,0.0,0.5,1.0,3.0,0.6666666666666666,0.5773502691896258,0.0,0.5,1.0,1.0,1.0,3.0,0.35000000000000003,0.08660254037844388,0.25,0.325,0.4,0.4,0.4,3.0,52.333333333333336,41.86088070422472,4.0,40.0,76.0,76.5,77.0,3,1,unranked,3
6,12.0,0.3333333333333333,0.6513389472789296,0.0,0.0,0.0,0.25,2.0,12.0,3.9166666666666665,3.2601821849074444,0.0,0.75,4.5,6.25,9.0,12.0,0.20833333333333337,0.10836246694508317,0.1,0.17500000000000002,0.2,0.2,0.5,12.0,140.75,40.685322347813035,13.0,148.5,153.5,156.25,159.0,12,3,gold,9
8,3.0,0.6666666666666666,1.1547005383792517,0.0,0.0,0.0,1.0,2.0,3.0,1.0,1.0,0.0,0.5,1.0,1.5,2.0,3.0,0.6,0.09999999999999998,0.5,0.55,0.6,0.6499999999999999,0.7,3.0,124.0,1.0,123.0,123.5,124.0,124.5,125.0,3,1,gold,3
10,3.0,0.0,0.0,0.0,0.0,0.0,0.0,0.0,3.0,5.0,1.0,4.0,4.5,5.0,5.5,6.0,3.0,0.26666666666666666,0.11547005383792516,0.2,0.2,0.2,0.30000000000000004,0.4,3.0,46.666666666666664,28.00595174839329,30.0,30.5,31.0,55.0,79.0,3,2,diamond,2
15,1.0,5.0,,5.0,5.0,5.0,5.0,5.0,1.0,0.0,,0.0,0.0,0.0,0.0,0.0,1.0,0.6,,0.6,0.6,0.6,0.6,0.6,1.0,28.0,,28.0,28.0,28.0,28.0,28.0,1,1,diamond,1
19,3.0,0.0,0.0,0.0,0.0,0.0,0.0,0.0,3.0,1.0,1.0,0.0,0.5,1.0,1.5,2.0,3.0,0.0,0.0,0.0,0.0,0.0,0.0,0.0,3.0,1.0,1.0,0.0,0.5,1.0,1.5,2.0,3,1,unranked,3
27,6.0,0.16666666666666666,0.408248290463863,0.0,0.0,0.0,0.0,1.0,6.0,2.6666666666666665,1.505545305418162,0.0,2.25,3.0,3.75,4.0,6.0,0.35000000000000003,0.05477225575051663,0.3,0.3,0.35,0.4,0.4,6.0,72.0,60.25612002112317,16.0,17.25,72.0,126.75,128.0,6,2,unranked,3
45,10.0,1.0,1.4907119849998598,0.0,0.0,0.0,1.75,4.0,10.0,1.2,1.4757295747452437,0.0,0.0,0.5,2.0,4.0,10.0,0.2763095238,0.29965360134998903,0.0,0.0,0.2,0.5535714282499999,0.666666667,10.0,4.5,3.0276503540974917,0.0,2.25,4.5,6.75,9.0,10,1,silver,10
59,1.0,0.0,,0.0,0.0,0.0,0.0,0.0,1.0,5.0,,5.0,5.0,5.0,5.0,5.0,1.0,0.3,,0.3,0.3,0.3,0.3,0.3,1.0,16.0,,16.0,16.0,16.0,16.0,16.0,1,1,gold,1
63,3.0,1.6666666666666667,2.0816659994661326,0.0,0.5,1.0,2.5,4.0,3.0,0.6666666666666666,1.1547005383792517,0.0,0.0,0.0,1.0,2.0,3.0,0.39999999999999997,0.17320508075688773,0.3,0.3,0.3,0.44999999999999996,0.6,3.0,24.666666666666668,12.423096769056148,17.0,17.5,18.0,28.5,39.0,3,2,platinum,2
70,15.0,0.9333333333333333,1.2798809468443688,0.0,0.0,0.0,1.5,4.0,15.0,1.1333333333333333,1.3557637102737476,0.0,0.0,1.0,2.0,4.0,15.0,0.4933333333333333,0.10997835284835873,0.3,0.4,0.5,0.6,0.6,15.0,33.13333333333333,4.68838483712167,26.0,29.5,33.0,36.5,41.0,15,1,gold,15
82,1.0,0.0,,0.0,0.0,0.0,0.0,0.0,1.0,1.0,,1.0,1.0,1.0,1.0,1.0,1.0,0.0,,0.0,0.0,0.0,0.0,0.0,1.0,1.0,,1.0,1.0,1.0,1.0,1.0,1,1,gold,1
99,1.0,0.0,,0.0,0.0,0.0,0.0,0.0,1.0,0.0,,0.0,0.0,0.0,0.0,0.0,1.0,0.0,,0.0,0.0,0.0,0.0,0.0,1.0,0.0,,0.0,0.0,0.0,0.0,0.0,1,1,unranked,1
101,1.0,3.0,,3.0,3.0,3.0,3.0,3.0,1.0,0.0,,0.0,0.0,0.0,0.0,0.0,1.0,0.6,,0.6,0.6,0.6,0.6,0.6,1.0,26.0,,26.0,26.0,26.0,26.0,26.0,1,1,bronze,1
111,1.0,0.0,,0.0,0.0,0.0,0.0,0.0,1.0,1.0,,1.0,1.0,1.0,1.0,1.0,1.0,0.5,,0.5,0.5,0.5,0.5,0.5,1.0,542.0,,542.0,542.0,542.0,542.0,542.0,1,1,platinum,1
117,8.0,0.625,0.7440238091428449,0.0,0.0,0.5,1.0,2.0,8.0,0.875,1.1259916264596033,0.0,0.0,0.5,1.25,3.0,8.0,0.28750000000000003,0.06408699444616557,0.2,0.275,0.3,0.3,0.4,8.0,135.5,2.449489742783178,132.0,133.75,135.5,137.25,139.0,8,1,unranked,8
156,1.0,7.0,,7.0,7.0,7.0,7.0,7.0,1.0,0.0,,0.0,0.0,0.0,0.0,0.0,1.0,0.8,,0.8,0.8,0.8,0.8,0.8,1.0,13.0,,13.0,13.0,13.0,13.0,13.0,1,1,gold,1
157,14.0,0.21428571428571427,0.42581531362632014,0.0,0.0,0.0,0.0,1.0,14.0,1.5714285714285714,1.5548576840284831,0.0,0.25,1.0,2.0,5.0,14.0,0.22726757371428571,0.13501024356519498,0.0,0.17500000025,0.21111111100000002,0.3,0.5,14.0,42.285714285714285,69.86847927072978,0.0,6.25,9.5,12.75,172.0,14,2,unranked,11
220,1.0,0.0,,0.0,0.0,0.0,0.0,0.0,1.0,1.0,,1.0,1.0,1.0,1.0,1.0,1.0,0.0,,0.0,0.0,0.0,0.0,0.0,1.0,1.0,,1.0,1.0,1.0,1.0,1.0,1,1,bronze,1
224,2.0,0.0,0.0,0.0,0.0,0.0,0.0,0.0,2.0,0.5,0.7071067811865476,0.0,0.25,0.5,0.75,1.0,2.0,0.0,0.0,0.0,0.0,0.0,0.0,0.0,2.0,0.5,0.7071067811865476,0.0,0.25,0.5,0.75,1.0,2,1,unranked,2
230,1.0,0.0,,0.0,0.0,0.0,0.0,0.0,1.0,3.0,,3.0,3.0,3.0,3.0,3.0,1.0,0.4,,0.4,0.4,0.4,0.4,0.4,1.0,29.0,,29.0,29.0,29.0,29.0,29.0,1,1,gold,1
326,2.0,0.0,0.0,0.0,0.0,0.0,0.0,0.0,2.0,3.0,1.4142135623730951,2.0,2.5,3.0,3.5,4.0,2.0,0.4,0.0,0.4,0.4,0.4,0.4,0.4,2.0,32.5,24.748737341529164,15.0,23.75,32.5,41.25,50.0,2,1,gold,2
353,3.0,0.3333333333333333,0.5773502691896258,0.0,0.0,0.0,0.5,1.0,3.0,1.0,1.0,0.0,0.5,1.0,1.5,2.0,3.0,0.3,0.0,0.3,0.3,0.3,0.3,0.3,3.0,59.0,1.0,58.0,58.5,59.0,59.5,60.0,3,1,bronze,3
358,2.0,0.5,0.7071067811865476,0.0,0.25,0.5,0.75,1.0,2.0,1.5,2.1213203435596424,0.0,0.75,1.5,2.25,3.0,2.0,0.30000000000000004,0.14142135623730953,0.2,0.25,0.30000000000000004,0.35000000000000003,0.4,2.0,212.5,269.4076836320746,22.0,117.25,212.5,307.75,403.0,2,1,diamond,2
360,1.0,1.0,,1.0,1.0,1.0,1.0,1.0,1.0,0.0,,0.0,0.0,0.0,0.0,0.0,1.0,0.2,,0.2,0.2,0.2,0.2,0.2,1.0,10.0,,10.0,10.0,10.0,10.0,10.0,1,1,silver,1
365,5.0,1.2,1.3038404810405297,0.0,0.0,1.0,2.0,3.0,5.0,0.4,0.5477225575051662,0.0,0.0,0.0,1.0,1.0,5.0,0.7,0.07071067811865477,0.6,0.7,0.7,0.7,0.8,5.0,17.0,1.5811388300841898,15.0,16.0,17.0,18.0,19.0,5,1,silver,5
371,1.0,0.0,,0.0,0.0,0.0,0.0,0.0,1.0,1.0,,1.0,1.0,1.0,1.0,1.0,1.0,0.6,,0.6,0.6,0.6,0.6,0.6,1.0,35.0,,35.0,35.0,35.0,35.0,35.0,1,1,gold,1
382,15.0,0.8666666666666667,1.245945806357946,0.0,0.0,0.0,1.0,4.0,15.0,1.2666666666666666,1.624221425205085,0.0,0.0,1.0,2.0,5.0,15.0,0.42666666666666664,0.1279880946844369,0.2,0.3,0.4,0.5,0.6,15.0,65.33333333333333,6.831300510639732,56.0,59.5,63.0,71.5,75.0,15,1,silver,15
416,1.0,0.0,,0.0,0.0,0.0,0.0,0.0,1.0,0.0,,0.0,0.0,0.0,0.0,0.0,1.0,0.0,,0.0,0.0,0.0,0.0,0.0,1.0,0.0,,0.0,0.0,0.0,0.0,0.0,1,1,unranked,1
420,2.0,3.0,1.4142135623730951,2.0,2.5,3.0,3.5,4.0,2.0,0.0,0.0,0.0,0.0,0.0,0.0,0.0,2.0,0.6,0.0,0.6,0.6,0.6,0.6,0.6,2.0,113.5,126.572113832392,24.0,68.75,113.5,158.25,203.0,2,2,gold,1
461,1.0,0.0,,0.0,0.0,0.0,0.0,0.0,1.0,1.0,,1.0,1.0,1.0,1.0,1.0,1.0,0.0,,0.0,0.0,0.0,0.0,0.0,1.0,1.0,,1.0,1.0,1.0,1.0,1.0,1,1,bronze,1
494,2.0,0.5,0.7071067811865476,0.0,0.25,0.5,0.75,1.0,2.0,1.0,1.4142135623730951,0.0,0.5,1.0,1.5,2.0,2.0,0.45,0.07071067811865474,0.4,0.42500000000000004,0.45,0.475,0.5,2.0,299.5,0.7071067811865476,299.0,299.25,299.5,299.75,300.0,2,1,gold,2
523,4.0,1.75,2.8722813232690143,0.0,0.0,0.5,2.25,6.0,4.0,0.75,0.9574271077563381,0.0,0.0,0.5,1.25,2.0,4.0,0.475,0.2872281323269014,0.3,0.3,0.35,0.525,0.9,4.0,44.5,23.014488190413157,10.0,43.75,55.5,56.25,57.0,4,2,bronze,3
524,76.0,0.5526315789473685,0.9294405032721601,0.0,0.0,0.0,1.0,4.0,76.0,2.289473684210526,3.0235334272941174,0.0,0.0,1.0,3.0,13.0,76.0,0.3336309523815789,0.18560254320608052,0.0,0.2767857145,0.4,0.40714285725,0.7,76.0,38.1578947368421,59.97778536126609,0.0,11.75,22.5,38.25,258.0,76,5,gold,53
543,1.0,0.0,,0.0,0.0,0.0,0.0,0.0,1.0,0.0,,0.0,0.0,0.0,0.0,0.0,1.0,0.0,,0.0,0.0,0.0,0.0,0.0,1.0,0.0,,0.0,0.0,0.0,0.0,0.0,1,1,unranked,1
556,1.0,0.0,,0.0,0.0,0.0,0.0,0.0,1.0,1.0,,1.0,1.0,1.0,1.0,1.0,1.0,0.7,,0.7,0.7,0.7,0.7,0.7,1.0,114.0,,114.0,114.0,114.0,114.0,114.0,1,1,diamond,1
566,1.0,2.0,,2.0,2.0,2.0,2.0,2.0,1.0,0.0,,0.0,0.0,0.0,0.0,0.0,1.0,0.5,,0.5,0.5,0.5,0.5,0.5,1.0,67.0,,67.0,67.0,67.0,67.0,67.0,1,1,bronze,1
596,4.0,0.0,0.0,0.0,0.0,0.0,0.0,0.0,4.0,0.75,1.5,0.0,0.0,0.0,0.75,3.0,4.0,0.0,0.0,0.0,0.0,0.0,0.0,0.0,4.0,0.75,1.5,0.0,0.0,0.0,0.75,3.0,4,2,unranked,3
606,2.0,0.0,0.0,0.0,0.0,0.0,0.0,0.0,2.0,2.5,0.7071067811865476,2.0,2.25,2.5,2.75,3.0,2.0,0.0,0.0,0.0,0.0,0.0,0.0,0.0,2.0,2.5,0.7071067811865476,2.0,2.25,2.5,2.75,3.0,2,1,silver,2
607,23.0,0.6086956521739131,0.8387832331734849,0.0,0.0,0.0,1.0,3.0,23.0,1.0869565217391304,1.3788349323798654,0.0,0.0,1.0,1.5,5.0,23.0,0.4415113871739131,0.14839696248354248,0.2,0.3,0.4,0.5357142855,0.75,23.0,149.7391304347826,103.3116280489209,2.0,7.5,219.0,224.5,230.0,23,2,platinum,15
608,16.0,0.5,0.7302967433402214,0.0,0.0,0.0,1.0,2.0,16.0,0.6875,0.7932002689527196,0.0,0.0,0.5,1.0,2.0,16.0,0.325,0.16931233465600393,0.0,0.3,0.4,0.4,0.5,16.0,158.5,78.55019626540302,0.0,189.75,193.5,197.25,201.0,16,3,platinum,13
631,3.0,0.0,0.0,0.0,0.0,0.0,0.0,0.0,3.0,1.6666666666666667,1.5275252316519465,0.0,1.0,2.0,2.5,3.0,3.0,0.19999999999999998,0.17320508075688773,0.0,0.15,0.3,0.3,0.3,3.0,9.666666666666666,8.386497083606082,0.0,7.0,14.0,14.5,15.0,3,2,gold,2
637,1.0,0.0,,0.0,0.0,0.0,0.0,0.0,1.0,2.0,,2.0,2.0,2.0,2.0,2.0,1.0,0.2,,0.2,0.2,0.2,0.2,0.2,1.0,59.0,,59.0,59.0,59.0,59.0,59.0,1,1,gold,1
643,2.0,0.0,0.0,0.0,0.0,0.0,0.0,0.0,2.0,0.5,0.7071067811865476,0.0,0.25,0.5,0.75,1.0,2.0,0.0,0.0,0.0,0.0,0.0,0.0,0.0,2.0,0.5,0.7071067811865476,0.0,0.25,0.5,0.75,1.0,2,1,bronze,2
667,1.0,0.0,,0.0,0.0,0.0,0.0,0.0,1.0,0.0,,0.0,0.0,0.0,0.0,0.0,1.0,0.0,,0.0,0.0,0.0,0.0,0.0,1.0,0.0,,0.0,0.0,0.0,0.0,0.0,1,1,unranked,1
682,1.0,0.0,,0.0,0.0,0.0,0.0,0.0,1.0,1.0,,1.0,1.0,1.0,1.0,1.0,1.0,0.4,,0.4,0.4,0.4,0.4,0.4,1.0,49.0,,49.0,49.0,49.0,49.0,49.0,1,1,bronze,1
684,1.0,0.0,,0.0,0.0,0.0,0.0,0.0,1.0,2.0,,2.0,2.0,2.0,2.0,2.0,1.0,0.125,,0.125,0.125,0.125,0.125,0.125,1.0,8.0,,8.0,8.0,8.0,8.0,8.0,1,1,silver,1
700,29.0,1.206896551724138,1.372674926266948,0.0,0.0,1.0,2.0,5.0,29.0,0.7586206896551724,1.122979850149754,0.0,0.0,0.0,1.0,4.0,29.0,0.5364121510689654,0.1844161187827051,0.0,0.4,0.5,0.666666667,0.833333333,29.0,15.344827586206897,9.036734010490441,1.0,8.0,15.0,22.0,31.0,29,2,silver,24
720,1.0,0.0,,0.0,0.0,0.0,0.0,0.0,1.0,3.0,,3.0,3.0,3.0,3.0,3.0,1.0,0.111111111,,0.111111111,0.111111111,0.111111111,0.111111111,0.111111111,1.0,9.0,,9.0,9.0,9.0,9.0,9.0,1,1,silver,1
750,1.0,3.0,,3.0,3.0,3.0,3.0,3.0,1.0,0.0,,0.0,0.0,0.0,0.0,0.0,1.0,0.7,,0.7,0.7,0.7,0.7,0.7,1.0,223.0,,223.0,223.0,223.0,223.0,223.0,1,1,gold,1
757,13.0,0.23076923076923078,0.4385290096535146,0.0,0.0,0.0,0.0,1.0,13.0,1.6923076923076923,1.3774744634423888,0.0,1.0,2.0,2.0,4.0,13.0,0.25351037853846153,0.17843482764797736,0.0,0.142857143,0.2,0.333333333,0.6,13.0,34.15384615384615,79.09787834685807,3.0,5.0,7.0,10.0,293.0,13,4,platinum,8
764,1.0,0.0,,0.0,0.0,0.0,0.0,0.0,1.0,2.0,,2.0,2.0,2.0,2.0,2.0,1.0,0.4,,0.4,0.4,0.4,0.4,0.4,1.0,37.0,,37.0,37.0,37.0,37.0,37.0,1,1,unranked,1
805,334.0,0.8143712574850299,1.7744355935248215,0.0,0.0,0.0,1.0,13.0,334.0,1.535928143712575,1.8315461086126983,0.0,0.0,1.0,2.0,9.0,334.0,0.3581943256377246,0.22540474315246023,0.0,0.2,0.3,0.5,1.0,334.0,55.32934131736527,56.56577591061259,0.0,10.0,26.0,103.0,181.0,334,5,diamond,138
806,139.0,0.5899280575539568,1.0058736893093243,0.0,0.0,0.0,1.0,5.0,139.0,1.8776978417266188,2.1617908291965278,0.0,0.0,1.0,3.0,9.0,139.0,0.3079936051151078,0.2010263020668232,0.0,0.1555555555,0.3,0.4,0.8,139.0,27.25179856115108,15.035269417336092,0.0,16.0,27.0,39.0,59.0,139,4,unranked,82
807,5.0,0.8,0.8366600265340756,0.0,0.0,1.0,1.0,2.0,5.0,0.8,1.30384048104053,0.0,0.0,0.0,1.0,3.0,5.0,0.36,0.1140175425099138,0.2,0.3,0.4,0.4,0.5,5.0,54.6,17.700282483621553,23.0,61.0,62.0,63.0,64.0,5,2,bronze,4
808,2.0,0.0,0.0,0.0,0.0,0.0,0.0,0.0,2.0,3.5,0.7071067811865476,3.0,3.25,3.5,3.75,4.0,2.0,0.2,0.0,0.2,0.2,0.2,0.2,0.2,2.0,12.5,0.7071067811865476,12.0,12.25,12.5,12.75,13.0,2,1,gold,2
811,1.0,0.0,,0.0,0.0,0.0,0.0,0.0,1.0,3.0,,3.0,3.0,3.0,3.0,3.0,1.0,0.6,,0.6,0.6,0.6,0.6,0.6,1.0,54.0,,54.0,54.0,54.0,54.0,54.0,1,1,platinum,1
813,1.0,1.0,,1.0,1.0,1.0,1.0,1.0,1.0,0.0,,0.0,0.0,0.0,0.0,0.0,1.0,0.6,,0.6,0.6,0.6,0.6,0.6,1.0,5.0,,5.0,5.0,5.0,5.0,5.0,1,1,unranked,1
818,6.0,0.16666666666666666,0.408248290463863,0.0,0.0,0.0,0.0,1.0,6.0,1.1666666666666667,1.1690451944500122,0.0,0.25,1.0,1.75,3.0,6.0,0.39999999999999997,0.33466401061363027,0.0,0.3,0.3,0.45,1.0,6.0,8.5,8.264381404557755,0.0,1.25,8.5,15.75,17.0,6,1,unranked,6
829,4.0,1.0,0.816496580927726,0.0,0.75,1.0,1.25,2.0,4.0,0.25,0.5,0.0,0.0,0.0,0.25,1.0,4.0,0.45,0.05773502691896256,0.4,0.4,0.45,0.5,0.5,4.0,443.5,1.2909944487358056,442.0,442.75,443.5,444.25,445.0,4,1,platinum,4
832,6.0,0.6666666666666666,1.632993161855452,0.0,0.0,0.0,0.0,4.0,6.0,2.3333333333333335,1.7511900715418263,0.0,1.25,2.5,3.0,5.0,6.0,0.5833333333333334,0.14719601443879746,0.4,0.5,0.55,0.6749999999999999,0.8,6.0,18.333333333333332,1.7511900715418263,16.0,17.25,18.5,19.0,21.0,6,1,platinum,6
839,15.0,1.3333333333333333,1.3451854182690985,0.0,0.0,1.0,2.0,4.0,15.0,0.4666666666666667,0.9154754164341269,0.0,0.0,0.0,0.5,3.0,15.0,0.4444444444666667,0.3567193256038412,0.0,0.2,0.5,0.7333333335000001,1.0,15.0,99.06666666666666,201.44246490416725,0.0,2.5,9.0,34.5,715.0,15,4,platinum,5
840,1.0,0.0,,0.0,0.0,0.0,0.0,0.0,1.0,0.0,,0.0,0.0,0.0,0.0,0.0,1.0,0.0,,0.0,0.0,0.0,0.0,0.0,1.0,0.0,,0.0,0.0,0.0,0.0,0.0,1,1,silver,1
844,3.0,0.3333333333333333,0.5773502691896258,0.0,0.0,0.0,0.5,1.0,3.0,0.3333333333333333,0.5773502691896258,0.0,0.0,0.0,0.5,1.0,3.0,0.5333333333333333,0.5033222956847166,0.0,0.3,0.6,0.8,1.0,3.0,501.3333333333333,867.4689235548058,0.0,0.5,1.0,752.0,1503.0,3,2,gold,2
849,3.0,0.3333333333333333,0.5773502691896258,0.0,0.0,0.0,0.5,1.0,3.0,0.6666666666666666,0.5773502691896258,0.0,0.5,1.0,1.0,1.0,3.0,0.5555555556666666,0.09622504505738771,0.5,0.5,0.5,0.5833333334999999,0.666666667,3.0,108.33333333333333,181.57734807330274,3.0,3.5,4.0,161.0,318.0,3,2,silver,2
850,3.0,0.3333333333333333,0.5773502691896258,0.0,0.0,0.0,0.5,1.0,3.0,0.6666666666666666,1.1547005383792517,0.0,0.0,0.0,1.0,2.0,3.0,0.39999999999999997,0.5291502622129182,0.0,0.1,0.2,0.6,1.0,3.0,2.0,2.6457513110645907,0.0,0.5,1.0,3.0,5.0,3,1,unranked,3
851,3.0,0.3333333333333333,0.5773502691896258,0.0,0.0,0.0,0.5,1.0,3.0,1.0,1.0,0.0,0.5,1.0,1.5,2.0,3.0,0.5666666666666668,0.05773502691896257,0.5,0.55,0.6,0.6,0.6,3.0,12.0,1.0,11.0,11.5,12.0,12.5,13.0,3,1,unranked,3
854,118.0,0.9745762711864406,1.4409271967870825,0.0,0.0,0.0,1.0,6.0,118.0,1.0677966101694916,1.6263262230930289,0.0,0.0,0.5,1.0,9.0,118.0,0.4650591875169492,0.20196010632237602,0.0,0.30833333325,0.5,0.6,0.9,118.0,164.5677966101695,438.56856277351125,0.0,18.0,34.5,97.75,2812.0,118,6,unranked,40
855,6.0,1.0,1.2649110640673518,0.0,0.0,0.5,1.75,3.0,6.0,5.0,5.513619500836088,0.0,0.0,4.5,9.75,11.0,6.0,0.11666666666666665,0.11690451944500123,0.0,0.025,0.1,0.17500000000000002,0.3,6.0,102.5,1.8708286933869707,100.0,101.25,102.5,103.75,105.0,6,1,silver,6
857,3.0,0.3333333333333333,0.5773502691896258,0.0,0.0,0.0,0.5,1.0,3.0,1.0,1.0,0.0,0.5,1.0,1.5,2.0,3.0,0.2896825396666667,0.041808149625336,0.25,0.26785714299999996,0.285714286,0.3095238095,0.333333333,3.0,7.0,1.0,6.0,6.5,7.0,7.5,8.0,3,1,unranked,3
863,14.0,4.714285714285714,5.3554942518238855,0.0,0.0,1.5,9.75,13.0,14.0,0.9285714285714286,1.328057326976612,0.0,0.0,0.0,1.75,4.0,14.0,0.7214285714285714,0.2722514997587325,0.3,0.45,0.8,0.975,1.0,14.0,275.92857142857144,14.30150226490095,253.0,262.0,282.5,285.75,289.0,14,1,gold,14
864,1.0,0.0,,0.0,0.0,0.0,0.0,0.0,1.0,3.0,,3.0,3.0,3.0,3.0,3.0,1.0,0.4,,0.4,0.4,0.4,0.4,0.4,1.0,33.0,,33.0,33.0,33.0,33.0,33.0,1,1,gold,1
869,3.0,1.0,1.0,0.0,0.5,1.0,1.5,2.0,3.0,0.3333333333333333,0.5773502691896258,0.0,0.0,0.0,0.5,1.0,3.0,0.3666666666666667,0.32145502536643183,0.0,0.25,0.5,0.55,0.6,3.0,60.666666666666664,51.67526810122356,1.0,45.5,90.0,90.5,91.0,3,2,bronze,2
872,6.0,0.3333333333333333,0.5163977794943223,0.0,0.0,0.0,0.75,1.0,6.0,1.0,1.5491933384829668,0.0,0.0,0.5,1.0,4.0,6.0,0.4166666666666667,0.2994439290863427,0.0,0.2,0.5,0.6499999999999999,0.7,6.0,49.5,63.986717371654564,0.0,4.0,16.0,103.75,132.0,6,3,silver,4
874,2.0,2.5,2.1213203435596424,1.0,1.75,2.5,3.25,4.0,2.0,0.0,0.0,0.0,0.0,0.0,0.0,0.0,2.0,0.6,0.14142135623730948,0.5,0.55,0.6,0.6499999999999999,0.7,2.0,14.5,17.67766952966369,2.0,8.25,14.5,20.75,27.0,2,1,bronze,2
879,1.0,0.0,,0.0,0.0,0.0,0.0,0.0,1.0,2.0,,2.0,2.0,2.0,2.0,2.0,1.0,0.5,,0.5,0.5,0.5,0.5,0.5,1.0,45.0,,45.0,45.0,45.0,45.0,45.0,1,1,gold,1
883,1.0,0.0,,0.0,0.0,0.0,0.0,0.0,1.0,0.0,,0.0,0.0,0.0,0.0,0.0,1.0,0.0,,0.0,0.0,0.0,0.0,0.0,1.0,0.0,,0.0,0.0,0.0,0.0,0.0,1,1,unranked,1
888,1.0,0.0,,0.0,0.0,0.0,0.0,0.0,1.0,3.0,,3.0,3.0,3.0,3.0,3.0,1.0,0.4,,0.4,0.4,0.4,0.4,0.4,1.0,286.0,,286.0,286.0,286.0,286.0,286.0,1,1,platinum,1
890,18.0,0.6666666666666666,0.9074852129730302,0.0,0.0,0.0,1.0,3.0,18.0,1.0555555555555556,1.3491706481792791,0.0,0.0,1.0,1.75,5.0,18.0,0.4722222222222222,0.11274936053323581,0.1,0.42500000000000004,0.5,0.5,0.6,18.0,39.77777777777778,11.471476419442707,11.0,38.25,42.5,46.75,51.0,18,3,gold,15
891,8.0,0.375,0.7440238091428449,0.0,0.0,0.0,0.25,2.0,8.0,1.75,2.187627547301936,0.0,0.0,1.0,2.5,6.0,8.0,0.2625,0.14078859531733587,0.0,0.25,0.3,0.325,0.4,8.0,259.625,283.9486560730906,0.0,123.75,163.5,300.0,707.0,8,3,platinum,6
900,48.0,0.7708333333333334,0.92804033600282,0.0,0.0,0.5,1.0,3.0,48.0,1.0416666666666667,1.443375672974064,0.0,0.0,0.5,1.25,6.0,48.0,0.46874999999999994,0.13707623286704837,0.3,0.3,0.5,0.6,0.7,48.0,119.58333333333333,89.1140396163118,31.0,43.75,55.5,221.25,233.0,48,3,platinum,23
902,20.0,0.45,0.6863327411532597,0.0,0.0,0.0,1.0,2.0,20.0,1.55,1.6693837501494853,0.0,0.0,1.0,2.25,5.0,20.0,0.3367857142499999,0.15093786246965848,0.166666667,0.25,0.3,0.333333333,0.7,20.0,20.15,20.772641420362202,3.0,5.0,8.5,33.0,58.0,20,3,gold,16
905,8.0,0.125,0.3535533905932738,0.0,0.0,0.0,0.0,1.0,8.0,0.75,1.164964745021435,0.0,0.0,0.0,1.25,3.0,8.0,0.35,0.39999999999999997,0.0,0.0,0.25,0.625,1.0,8.0,5.0,6.654751256486923,0.0,0.0,0.5,12.25,14.0,8,3,silver,4
908,1.0,0.0,,0.0,0.0,0.0,0.0,0.0,1.0,2.0,,2.0,2.0,2.0,2.0,2.0,1.0,0.5,,0.5,0.5,0.5,0.5,0.5,1.0,23.0,,23.0,23.0,23.0,23.0,23.0,1,1,platinum,1
914,4.0,0.5,0.5773502691896257,0.0,0.0,0.5,1.0,1.0,4.0,0.75,0.9574271077563381,0.0,0.0,0.5,1.25,2.0,4.0,0.35,0.057735026918962595,0.3,0.3,0.35,0.4,0.4,4.0,300.5,1.2909944487358056,299.0,299.75,300.5,301.25,302.0,4,1,unranked,4
917,1.0,0.0,,0.0,0.0,0.0,0.0,0.0,1.0,0.0,,0.0,0.0,0.0,0.0,0.0,1.0,0.0,,0.0,0.0,0.0,0.0,0.0,1.0,0.0,,0.0,0.0,0.0,0.0,0.0,1,1,unranked,1
919,34.0,1.5294117647058822,1.618740515220081,0.0,0.0,1.0,2.0,6.0,34.0,0.38235294117647056,0.6969503213613096,0.0,0.0,0.0,1.0,3.0,34.0,0.5911764705882351,0.15248973548927816,0.0,0.5,0.6,0.7,0.8,34.0,160.11764705882354,29.864100984781604,0.0,156.25,164.5,172.75,181.0,34,2,silver,33
921,3.0,0.3333333333333333,0.5773502691896258,0.0,0.0,0.0,0.5,1.0,3.0,0.6666666666666666,1.1547005383792517,0.0,0.0,0.0,1.0,2.0,3.0,0.3,0.2645751311064591,0.0,0.2,0.4,0.45,0.5,3.0,6.333333333333333,7.094598884597588,0.0,2.5,5.0,9.5,14.0,3,1,silver,3
927,12.0,0.5833333333333334,0.7929614610987591,0.0,0.0,0.0,1.0,2.0,12.0,0.8333333333333334,0.9374368665610922,0.0,0.0,1.0,1.0,3.0,12.0,0.5403439154166666,0.09470378816643613,0.4,0.5,0.5,0.6,0.7,12.0,21.0,14.212670403551895,5.0,7.75,21.0,34.25,37.0,12,1,unranked,12
930,3.0,0.0,0.0,0.0,0.0,0.0,0.0,0.0,3.0,1.0,1.0,0.0,0.5,1.0,1.5,2.0,3.0,0.0,0.0,0.0,0.0,0.0,0.0,0.0,3.0,1.0,1.0,0.0,0.5,1.0,1.5,2.0,3,1,silver,3
937,17.0,0.6470588235294118,0.7859052479933758,0.0,0.0,0.0,1.0,2.0,17.0,1.0,1.224744871391589,0.0,0.0,1.0,2.0,4.0,17.0,0.4000000000000001,0.09354143466934853,0.1,0.4,0.4,0.4,0.5,17.0,37.76470588235294,14.051376319442456,23.0,26.0,29.0,53.0,57.0,17,3,bronze,8
941,11.0,0.18181818181818182,0.4045199174779452,0.0,0.0,0.0,0.0,1.0,11.0,2.6363636363636362,3.170890325215531,0.0,0.5,1.0,3.5,9.0,11.0,0.3818181818181818,0.2676497032248749,0.0,0.25,0.4,0.45,1.0,11.0,35.27272727272727,23.870864706126206,0.0,12.0,49.0,51.5,57.0,11,2,unranked,7
944,5.0,0.6,0.5477225575051662,0.0,0.0,1.0,1.0,1.0,5.0,0.2,0.447213595499958,0.0,0.0,0.0,0.0,1.0,5.0,0.2466666666,0.23285665592329066,0.0,0.0,0.333333333,0.4,0.5,5.0,10.8,20.825465180878915,0.0,1.0,2.0,3.0,48.0,5,3,silver,3
955,63.0,0.5714285714285714,0.9455206061159438,0.0,0.0,0.0,1.0,4.0,63.0,0.873015873015873,1.0079052613579391,0.0,0.0,1.0,2.0,4.0,63.0,0.41322751322222223,0.25091514813064025,0.0,0.3,0.4,0.6,1.0,63.0,59.04761904761905,106.4878349210609,0.0,11.5,40.0,56.0,704.0,63,6,unranked,25
956,1.0,0.0,,0.0,0.0,0.0,0.0,0.0,1.0,0.0,,0.0,0.0,0.0,0.0,0.0,1.0,0.0,,0.0,0.0,0.0,0.0,0.0,1.0,0.0,,0.0,0.0,0.0,0.0,0.0,1,1,unranked,1
963,1.0,1.0,,1.0,1.0,1.0,1.0,1.0,1.0,0.0,,0.0,0.0,0.0,0.0,0.0,1.0,0.5,,0.5,0.5,0.5,0.5,0.5,1.0,22.0,,22.0,22.0,22.0,22.0,22.0,1,1,platinum,1
967,2.0,1.0,0.0,1.0,1.0,1.0,1.0,1.0,2.0,0.0,0.0,0.0,0.0,0.0,0.0,0.0,2.0,0.4,0.282842712474619,0.2,0.3,0.4,0.5,0.6,2.0,9.0,5.656854249492381,5.0,7.0,9.0,11.0,13.0,2,2,platinum,1
977,6.0,0.16666666666666666,0.408248290463863,0.0,0.0,0.0,0.0,1.0,6.0,0.8333333333333334,0.752772652709081,0.0,0.25,1.0,1.0,2.0,6.0,0.18333333333333335,0.2041241452319315,0.0,0.0,0.15,0.375,0.4,6.0,25.0,26.30589287593181,0.0,1.25,25.0,48.75,50.0,6,2,gold,3
998,3.0,0.0,0.0,0.0,0.0,0.0,0.0,0.0,3.0,2.0,1.0,1.0,1.5,2.0,2.5,3.0,3.0,0.3,0.1,0.2,0.25,0.3,0.35,0.4,3.0,15.0,1.0,14.0,14.5,15.0,15.5,16.0,3,1,bronze,3
1001,1.0,0.0,,0.0,0.0,0.0,0.0,0.0,1.0,0.0,,0.0,0.0,0.0,0.0,0.0,1.0,0.0,,0.0,0.0,0.0,0.0,0.0,1.0,0.0,,0.0,0.0,0.0,0.0,0.0,1,1,unranked,1
1004,3.0,0.6666666666666666,1.1547005383792517,0.0,0.0,0.0,1.0,2.0,3.0,1.0,1.0,0.0,0.5,1.0,1.5,2.0,3.0,0.23333333333333336,0.1527525231651947,0.1,0.15000000000000002,0.2,0.30000000000000004,0.4,3.0,43.0,9.539392014169456,32.0,40.0,48.0,48.5,49.0,3,1,platinum,3
1013,52.0,0.5192307692307693,0.7794010927298067,0.0,0.0,0.0,1.0,3.0,52.0,1.5384615384615385,1.8834838231896749,0.0,0.0,1.0,2.0,8.0,52.0,0.4096153846153847,0.1346886247647723,0.2,0.3,0.4,0.5,0.6,52.0,44.34615384615385,15.45630731764337,11.0,31.75,44.5,57.25,70.0,52,2,silver,51
1015,8.0,1.125,1.3562026818605375,0.0,0.0,0.5,2.25,3.0,8.0,0.875,1.3562026818605375,0.0,0.0,0.5,1.0,4.0,8.0,0.48750000000000004,0.1726888200533797,0.2,0.375,0.55,0.6,0.7,8.0,54.125,24.821865361007823,14.0,49.5,58.5,60.25,97.0,8,2,silver,7
1017,3.0,0.3333333333333333,0.5773502691896258,0.0,0.0,0.0,0.5,1.0,3.0,2.0,2.0,0.0,1.0,2.0,3.0,4.0,3.0,0.5666666666666668,0.37859388972001823,0.3,0.35,0.4,0.7,1.0,3.0,110.33333333333333,180.7797923810439,1.0,6.0,11.0,165.0,319.0,3,3,silver,1
1024,7.0,0.2857142857142857,0.48795003647426666,0.0,0.0,0.0,0.5,1.0,7.0,2.0,3.2145502536643185,0.0,0.0,1.0,2.0,9.0,7.0,0.3178571428571429,0.29955323876924256,0.0,0.1,0.125,0.6,0.7,7.0,115.42857142857143,115.027325945993,0.0,26.0,45.0,234.5,242.0,7,2,gold,5
1029,8.0,0.375,0.5175491695067657,0.0,0.0,0.0,1.0,1.0,8.0,0.875,1.1259916264596033,0.0,0.0,0.5,1.25,3.0,8.0,0.2375,0.11877349391654207,0.0,0.2,0.25,0.3,0.4,8.0,15.75,6.670832032063167,0.0,15.75,17.5,19.25,21.0,8,1,silver,8
1031,165.0,0.8484848484848485,1.237651496546252,0.0,0.0,0.0,1.0,7.0,165.0,0.7393939393939394,1.017511129542833,0.0,0.0,0.0,1.0,4.0,165.0,0.45770803271515165,0.2551880811559684,0.0,0.333333333,0.5,0.6,1.0,165.0,75.57575757575758,123.24074949281442,0.0,3.0,13.0,167.0,861.0,165,5,unranked,55
1033,1.0,0.0,,0.0,0.0,0.0,0.0,0.0,1.0,0.0,,0.0,0.0,0.0,0.0,0.0,1.0,0.0,,0.0,0.0,0.0,0.0,0.0,1.0,0.0,,0.0,0.0,0.0,0.0,0.0,1,1,bronze,1
1034,13.0,0.6923076923076923,0.8548504142651103,0.0,0.0,0.0,1.0,2.0,13.0,2.6153846153846154,3.0424349222966556,0.0,0.0,1.0,5.0,8.0,13.0,0.27884615384615385,0.17790627033817843,0.1,0.2,0.2,0.4,0.625,13.0,23.23076923076923,11.39556818938724,8.0,19.0,22.0,25.0,57.0,13,3,unranked,9
1035,15.0,0.13333333333333333,0.35186577527449836,0.0,0.0,0.0,0.0,1.0,15.0,2.2666666666666666,1.8695555876298768,0.0,1.0,2.0,3.5,6.0,15.0,0.14304232806666667,0.14862224547530065,0.0,0.0,0.111111111,0.1833333335,0.4,15.0,28.2,47.10353338278198,0.0,3.5,7.0,10.5,120.0,15,2,bronze,12
1041,7.0,0.8571428571428571,1.2149857925879117,0.0,0.0,0.0,1.5,3.0,7.0,1.2857142857142858,1.6035674514745464,0.0,0.0,1.0,2.0,4.0,7.0,0.27670068028571426,0.22340796589421763,0.0,0.1,0.333333333,0.4017857145,0.6,7.0,72.42857142857143,177.0845910319483,3.0,4.5,6.0,7.5,474.0,7,2,diamond,6
1044,70.0,0.5285714285714286,0.8465005298273184,0.0,0.0,0.0,1.0,4.0,70.0,0.9285714285714286,1.3969057791037955,0.0,0.0,0.0,1.0,7.0,70.0,0.3416723355857143,0.228000343453555,0.0,0.2,0.4,0.5,1.0,70.0,36.27142857142857,54.87638847830971,0.0,3.25,20.5,37.0,295.0,70,6,gold,31
1052,3.0,0.6666666666666666,0.5773502691896258,0.0,0.5,1.0,1.0,1.0,3.0,0.3333333333333333,0.5773502691896258,0.0,0.0,0.0,0.5,1.0,3.0,0.44444444433333335,0.09622504505738771,0.333333333,0.4166666665,0.5,0.5,0.5,3.0,88.66666666666667,74.19119444606167,3.0,67.0,131.0,131.5,132.0,3,2,platinum,2
1054,1.0,0.0,,0.0,0.0,0.0,0.0,0.0,1.0,2.0,,2.0,2.0,2.0,2.0,2.0,1.0,0.5,,0.5,0.5,0.5,0.5,0.5,1.0,313.0,,313.0,313.0,313.0,313.0,313.0,1,1,platinum,1
1057,24.0,1.25,1.8237562766229864,0.0,0.0,0.0,2.0,6.0,24.0,1.2916666666666667,2.1157621027332727,0.0,0.0,0.5,2.0,8.0,24.0,0.3687500000000001,0.20086242195979703,0.0,0.2875,0.4,0.42500000000000004,0.7,24.0,47.708333333333336,102.2182146478655,0.0,12.0,18.5,50.25,516.0,24,5,silver,8
1061,19.0,1.4210526315789473,1.8353258709644942,0.0,0.0,1.0,2.0,6.0,19.0,0.7368421052631579,1.0457376590053495,0.0,0.0,0.0,1.0,3.0,19.0,0.5280701754210526,0.21380248123413187,0.0,0.5,0.6,0.6499999999999999,0.8,19.0,114.21052631578948,59.4012522757713,1.0,137.5,142.0,146.5,151.0,19,1,unranked,19
1067,7.0,0.5714285714285714,0.7867957924694431,0.0,0.0,0.0,1.0,2.0,7.0,1.1428571428571428,1.2149857925879117,0.0,0.0,1.0,2.0,3.0,7.0,0.42857142857142855,0.04879500364742665,0.4,0.4,0.4,0.45,0.5,7.0,25.571428571428573,12.607631853460067,14.0,15.5,17.0,38.5,40.0,7,1,unranked,7
1069,1.0,2.0,,2.0,2.0,2.0,2.0,2.0,1.0,0.0,,0.0,0.0,0.0,0.0,0.0,1.0,0.6,,0.6,0.6,0.6,0.6,0.6,1.0,52.0,,52.0,52.0,52.0,52.0,52.0,1,1,gold,1
1074,24.0,1.625,2.0602342627456967,0.0,0.0,1.0,2.25,7.0,24.0,0.20833333333333334,0.5089773777040515,0.0,0.0,0.0,0.0,2.0,24.0,0.564484127,0.40762712393022477,0.0,0.0,0.6333333335,1.0,1.0,24.0,29.25,86.19404296979148,0.0,0.75,3.0,6.0,309.0,24,4,gold,9
1078,3.0,0.3333333333333333,0.5773502691896258,0.0,0.0,0.0,0.5,1.0,3.0,0.3333333333333333,0.5773502691896258,0.0,0.0,0.0,0.5,1.0,3.0,0.16666666666666666,0.2886751345948129,0.0,0.0,0.0,0.25,0.5,3.0,1.0,1.0,0.0,0.5,1.0,1.5,2.0,3,1,silver,3
1080,1.0,2.0,,2.0,2.0,2.0,2.0,2.0,1.0,0.0,,0.0,0.0,0.0,0.0,0.0,1.0,0.4,,0.4,0.4,0.4,0.4,0.4,1.0,5.0,,5.0,5.0,5.0,5.0,5.0,1,1,silver,1
1082,1.0,2.0,,2.0,2.0,2.0,2.0,2.0,1.0,0.0,,0.0,0.0,0.0,0.0,0.0,1.0,0.6,,0.6,0.6,0.6,0.6,0.6,1.0,24.0,,24.0,24.0,24.0,24.0,24.0,1,1,gold,1
1085,5.0,0.8,0.8366600265340756,0.0,0.0,1.0,1.0,2.0,5.0,1.2,1.7888543819998317,0.0,0.0,0.0,2.0,4.0,5.0,0.4,0.15811388300841897,0.2,0.3,0.4,0.5,0.6,5.0,31.4,20.95948472649077,4.0,29.0,30.0,31.0,63.0,5,3,silver,3
1090,7.0,0.7142857142857143,1.1126972805283737,0.0,0.0,0.0,1.0,3.0,7.0,1.0,1.4142135623730951,0.0,0.0,1.0,1.0,4.0,7.0,0.373015873,0.12135333288788668,0.111111111,0.4,0.4,0.4,0.5,7.0,20.142857142857142,12.075161440308937,9.0,10.5,12.0,32.5,34.0,7,2,silver,4
1091,14.0,0.6428571428571429,0.744946343668492,0.0,0.0,0.5,1.0,2.0,14.0,0.7857142857142857,0.9749612559222293,0.0,0.0,0.5,1.0,3.0,14.0,0.4714285714285715,0.09138735334633753,0.3,0.4,0.5,0.5,0.6,14.0,39.07142857142857,7.01058853794399,24.0,37.25,40.5,43.75,47.0,14,1,bronze,14
1092,6.0,0.3333333333333333,0.5163977794943223,0.0,0.0,0.0,0.75,1.0,6.0,1.8333333333333333,2.228601953392904,0.0,0.25,1.5,2.0,6.0,6.0,0.35972222216666666,0.2531148546275942,0.0,0.17708333325,0.4166666665,0.575,0.6,6.0,16.666666666666668,13.6772316887105,2.0,4.25,18.0,28.75,30.0,6,3,bronze,3
1098,253.0,0.6640316205533597,1.0435795536088572,0.0,0.0,0.0,1.0,5.0,253.0,1.9881422924901186,2.7695656261317056,0.0,0.0,1.0,3.0,14.0,253.0,0.37249043227667966,0.19899693435419577,0.0,0.2,0.4,0.5,0.8,253.0,154.39525691699606,184.00990391638874,0.0,21.0,49.0,381.0,935.0,253,5,unranked,99
1103,5.0,0.8,1.3038404810405297,0.0,0.0,0.0,1.0,3.0,5.0,1.2,1.3038404810405297,0.0,0.0,1.0,2.0,3.0,5.0,0.6,0.07071067811865474,0.5,0.6,0.6,0.6,0.7,5.0,70.4,57.73473824310629,22.0,31.0,32.0,133.0,134.0,5,2,gold,3
1104,2.0,1.5,0.7071067811865476,1.0,1.25,1.5,1.75,2.0,2.0,0.0,0.0,0.0,0.0,0.0,0.0,0.0,2.0,0.55,0.07071067811865474,0.5,0.525,0.55,0.575,0.6,2.0,221.5,0.7071067811865476,221.0,221.25,221.5,221.75,222.0,2,1,gold,2
1107,109.0,0.6880733944954128,1.0775250079285947,0.0,0.0,0.0,1.0,5.0,109.0,0.6880733944954128,0.9398310299908917,0.0,0.0,0.0,1.0,4.0,109.0,0.3823940585321101,0.2836442987775836,0.0,0.0,0.5,0.6,1.0,109.0,26.422018348623855,39.81049870322727,0.0,1.0,5.0,47.0,291.0,109,6,silver,30
1108,9.0,0.1111111111111111,0.33333333333333337,0.0,0.0,0.0,0.0,1.0,9.0,1.8888888888888888,1.4529663145135576,0.0,1.0,2.0,2.0,5.0,9.0,0.3888888888888889,0.18333333333333335,0.2,0.3,0.4,0.4,0.8,9.0,129.44444444444446,92.85487481967641,24.0,36.0,150.0,206.0,232.0,9,3,diamond,3
1111,4.0,0.5,1.0,0.0,0.0,0.0,0.5,2.0,4.0,0.0,0.0,0.0,0.0,0.0,0.0,0.0,4.0,0.15,0.3,0.0,0.0,0.0,0.15,0.6,4.0,135.25,270.5,0.0,0.0,0.0,135.25,541.0,4,3,unranked,2
1112,355.0,0.8591549295774648,1.3329354065231092,0.0,0.0,0.0,1.0,8.0,355.0,0.7323943661971831,0.9736318298418394,0.0,0.0,0.0,1.0,4.0,355.0,0.43527162977183104,0.23945659766690638,0.0,0.3,0.5,0.6,1.0,355.0,77.0112676056338,143.37133205677233,0.0,5.0,30.0,75.5,872.0,355,6,gold,118
1114,611.0,0.7986906710310966,1.255962143457381,0.0,0.0,0.0,1.0,9.0,611.0,1.1227495908346972,1.600099269813612,0.0,0.0,1.0,2.0,11.0,611.0,0.4230567895450084,0.20884452018483768,0.0,0.3,0.4,0.6,1.0,611.0,82.3240589198036,112.49212603653413,0.0,15.0,46.0,92.0,958.0,611,6,unranked,188
1118,1.0,1.0,,1.0,1.0,1.0,1.0,1.0,1.0,0.0,,0.0,0.0,0.0,0.0,0.0,1.0,0.5,,0.5,0.5,0.5,0.5,0.5,1.0,2.0,,2.0,2.0,2.0,2.0,2.0,1,1,silver,1
1119,57.0,0.6140350877192983,0.8184127923895542,0.0,0.0,0.0,1.0,3.0,57.0,0.8596491228070176,1.2017635328850809,0.0,0.0,0.0,1.0,5.0,57.0,0.404761904754386,0.2420116877981221,0.0,0.3,0.4,0.5,1.0,57.0,57.80701754385965,67.45036232998393,0.0,3.0,20.0,97.0,311.0,57,3,gold,41
1121,7.0,0.2857142857142857,0.48795003647426655,0.0,0.0,0.0,0.5,1.0,7.0,0.5714285714285714,0.5345224838248488,0.0,0.0,1.0,1.0,1.0,7.0,0.33571428571428574,0.2656976441281294,0.0,0.125,0.4,0.5,0.7,7.0,65.57142857142857,163.80563395160044,0.0,2.5,4.0,6.5,437.0,7,3,gold,3
1122,14.0,0.8571428571428571,1.3506205330054122,0.0,0.0,0.0,1.75,4.0,14.0,1.4285714285714286,1.696797241605749,0.0,0.0,1.0,2.75,5.0,14.0,0.47142857142857136,0.22336094083368713,0.0,0.42500000000000004,0.6,0.6,0.7,14.0,129.92857142857142,188.24512018834716,0.0,42.25,45.5,48.75,477.0,14,3,unranked,10
1125,1.0,0.0,,0.0,0.0,0.0,0.0,0.0,1.0,1.0,,1.0,1.0,1.0,1.0,1.0,1.0,0.333333333,,0.333333333,0.333333333,0.333333333,0.333333333,0.333333333,1.0,6.0,,6.0,6.0,6.0,6.0,6.0,1,1,silver,1
1126,626.0,0.8386581469648562,1.2829369261774,0.0,0.0,0.0,1.0,9.0,626.0,1.073482428115016,1.8402694621415487,0.0,0.0,0.0,1.0,15.0,626.0,0.4268275521054308,0.25582822166207847,0.0,0.3,0.5,0.6,1.0,626.0,64.66453674121406,102.3827763070774,0.0,5.0,19.0,96.75,953.0,626,6,gold,314
1131,3.0,2.3333333333333335,0.5773502691896258,2.0,2.0,2.0,2.5,3.0,3.0,0.0,0.0,0.0,0.0,0.0,0.0,0.0,3.0,0.4666666666666666,0.05773502691896257,0.4,0.45,0.5,0.5,0.5,3.0,54.0,23.388031127053,27.0,47.0,67.0,67.5,68.0,3,1,gold,3
1132,161.0,0.7018633540372671,1.0656261099518822,0.0,0.0,0.0,1.0,5.0,161.0,0.7453416149068323,1.119595368345133,0.0,0.0,0.0,1.0,7.0,161.0,0.4027087646645965,0.27017623557109405,0.0,0.166666667,0.5,0.6,1.0,161.0,11.217391304347826,23.62961480118061,0.0,2.0,8.0,14.0,283.0,161,6,gold,66
1133,283.0,0.7279151943462897,1.0981116447209995,0.0,0.0,0.0,1.0,5.0,283.0,1.332155477031802,1.864921979581339,0.0,0.0,1.0,2.0,11.0,283.0,0.4329589432968199,0.20550056907125935,0.0,0.3,0.4,0.6,1.0,283.0,31.084805653710248,33.22030293628293,0.0,13.0,25.0,39.5,243.0,283,5,gold,113
1135,3.0,0.0,0.0,0.0,0.0,0.0,0.0,0.0,3.0,1.3333333333333333,1.5275252316519465,0.0,0.5,1.0,2.0,3.0,3.0,0.16666666666666666,0.2886751345948129,0.0,0.0,0.0,0.25,0.5,3.0,5.0,7.810249675906654,0.0,0.5,1.0,7.5,14.0,3,2,unranked,2
1136,5.0,0.4,0.5477225575051662,0.0,0.0,0.0,1.0,1.0,5.0,1.0,1.224744871391589,0.0,0.0,1.0,1.0,3.0,5.0,0.4,0.2345207879911715,0.0,0.4,0.5,0.5,0.6,5.0,161.0,145.12925273699992,3.0,85.0,86.0,307.0,324.0,5,1,platinum,5
1137,4.0,0.75,0.9574271077563381,0.0,0.0,0.5,1.25,2.0,4.0,0.5,0.5773502691896257,0.0,0.0,0.5,1.0,1.0,4.0,0.536111111,0.11235415798840712,0.444444444,0.486111111,0.5,0.55,0.7,4.0,17.5,15.022205785658333,9.0,9.75,10.5,18.25,40.0,4,2,bronze,3
1138,353.0,1.0963172804532577,1.6190671525609022,0.0,0.0,0.0,2.0,10.0,353.0,0.8611898016997167,1.2249748377323975,0.0,0.0,0.0,1.0,6.0,353.0,0.4892103961473088,0.22791639341265452,0.0,0.4,0.5,0.6,1.0,353.0,187.8328611898017,199.00948711689335,0.0,10.0,222.0,314.0,1271.0,353,6,gold,237
1140,1174.0,0.8117546848381602,1.239241093203314,0.0,0.0,0.0,1.0,9.0,1174.0,1.0178875638841567,1.4071502830707738,0.0,0.0,1.0,2.0,9.0,1174.0,0.42929071685349224,0.21652234274957838,0.0,0.3,0.444444444,0.6,1.0,1174.0,894.2359454855196,1444.273106505433,0.0,12.0,49.5,1094.75,3540.0,1174,6,gold,569
1142,3.0,0.0,0.0,0.0,0.0,0.0,0.0,0.0,3.0,2.0,1.0,1.0,1.5,2.0,2.5,3.0,3.0,0.261111111,0.06735753122675268,0.2,0.225,0.25,0.2916666665,0.333333333,3.0,4.0,1.0,3.0,3.5,4.0,4.5,5.0,3,1,unranked,3
1144,122.0,0.4918032786885246,0.8054145448649843,0.0,0.0,0.0,1.0,3.0,122.0,2.721311475409836,3.6118773193382205,0.0,0.0,1.0,3.75,14.0,122.0,0.3581967213114756,0.21925499850476993,0.0,0.2,0.4,0.5,0.7,122.0,70.8360655737705,81.91301177738458,1.0,26.25,41.5,63.75,298.0,122,4,platinum,56
1146,7.0,0.8571428571428571,0.8997354108424372,0.0,0.0,1.0,1.5,2.0,7.0,0.7142857142857143,0.9511897312113418,0.0,0.0,0.0,1.5,2.0,7.0,0.5,0.05773502691896256,0.4,0.5,0.5,0.5,0.6,7.0,29.714285714285715,7.565586245499766,13.0,30.5,32.0,33.5,35.0,7,2,diamond,6
1148,1.0,1.0,,1.0,1.0,1.0,1.0,1.0,1.0,0.0,,0.0,0.0,0.0,0.0,0.0,1.0,0.4,,0.4,0.4,0.4,0.4,0.4,1.0,103.0,,103.0,103.0,103.0,103.0,103.0,1,1,platinum,1
1159,18.0,0.3888888888888889,0.6076849889141855,0.0,0.0,0.0,1.0,2.0,18.0,0.6666666666666666,0.9074852129730302,0.0,0.0,0.0,1.0,3.0,18.0,0.28611111105555553,0.28204725417776305,0.0,0.0,0.333333333,0.475,1.0,18.0,3.1666666666666665,4.31481715242066,0.0,1.0,2.5,4.0,19.0,18,4,unranked,9
1160,512.0,0.763671875,1.312594640609861,0.0,0.0,0.0,1.0,12.0,512.0,1.05859375,1.531305537353008,0.0,0.0,0.0,2.0,11.0,512.0,0.39648902529296864,0.2616956821655208,0.0,0.2,0.4,0.6,1.0,512.0,68.03515625,150.40374474344796,0.0,4.0,13.0,77.25,1850.0,512,6,gold,186
1161,5.0,0.0,0.0,0.0,0.0,0.0,0.0,0.0,5.0,0.2,0.44721359549995804,0.0,0.0,0.0,0.0,1.0,5.0,0.0,0.0,0.0,0.0,0.0,0.0,0.0,5.0,0.2,0.44721359549995804,0.0,0.0,0.0,0.0,1.0,5,2,silver,3
1163,133.0,0.7142857142857143,1.0980107948593698,0.0,0.0,0.0,1.0,5.0,133.0,1.586466165413534,2.246639981235522,0.0,0.0,1.0,2.0,10.0,133.0,0.3854039861578949,0.20261806189383777,0.0,0.3,0.4,0.5,1.0,133.0,128.28571428571428,258.80674817406316,0.0,10.0,30.0,55.0,790.0,133,5,bronze,73
1165,5.0,0.2,0.447213595499958,0.0,0.0,0.0,0.0,1.0,5.0,2.6,2.792848008753788,0.0,0.0,2.0,5.0,6.0,5.0,0.251904762,0.2661794017216716,0.0,0.142857143,0.166666667,0.25,0.7,5.0,98.6,208.76014945386484,0.0,6.0,7.0,8.0,472.0,5,3,gold,3
1168,133.0,0.8345864661654135,1.1293632634031168,0.0,0.0,0.0,1.0,5.0,133.0,1.0751879699248121,1.5256596196418448,0.0,0.0,1.0,2.0,8.0,133.0,0.5114542308120302,0.17175489011272668,0.0,0.4,0.5,0.6,0.9,133.0,63.225563909774436,104.26936391206462,0.0,22.0,36.0,49.0,835.0,133,3,diamond,103
1169,16.0,0.4375,1.0307764064044151,0.0,0.0,0.0,0.25,4.0,16.0,0.8125,0.9105858919765157,0.0,0.0,1.0,1.0,3.0,16.0,0.35,0.19321835661585918,0.0,0.3,0.4,0.5,0.6,16.0,93.375,92.91851268719275,0.0,17.75,57.5,199.25,215.0,16,6,silver,6
1170,771.0,0.9468223086900129,1.3641132006651602,0.0,0.0,0.0,1.0,8.0,771.0,0.8106355382619974,1.142083302956157,0.0,0.0,0.0,1.0,7.0,771.0,0.44612953698443586,0.22914978938798192,0.0,0.3,0.5,0.6,1.0,771.0,50.9662775616083,86.20786660112678,0.0,7.0,21.0,48.0,870.0,771,6,gold,310
1171,4.0,0.75,0.9574271077563381,0.0,0.0,0.5,1.25,2.0,4.0,0.0,0.0,0.0,0.0,0.0,0.0,0.0,4.0,0.2,0.23094010767585033,0.0,0.0,0.2,0.4,0.4,4.0,185.0,348.99283660270163,0.0,0.0,16.0,201.0,708.0,4,4,platinum,1
1176,902.0,1.0964523281596452,1.6451619608121038,0.0,0.0,1.0,2.0,11.0,902.0,0.8580931263858093,1.2312234245552565,0.0,0.0,0.0,1.0,9.0,902.0,0.5009810650055432,0.21146025330636808,0.0,0.4,0.5,0.6,1.0,902.0,477.5820399113082,473.02502723623303,0.0,25.25,172.5,970.75,1198.0,902,6,unranked,391
1178,11359.0,0.9722686856237345,1.374697284898538,0.0,0.0,0.0,1.0,11.0,11359.0,0.9785192358482261,1.3917713643724665,0.0,0.0,0.0,1.0,13.0,11359.0,0.4815537151854067,0.1950140863551591,0.0,0.4,0.5,0.6,1.0,11359.0,185.3178977022625,326.9583975370098,0.0,19.0,60.0,196.0,3242.0,11359,7,platinum,3654
1179,1.0,1.0,,1.0,1.0,1.0,1.0,1.0,1.0,0.0,,0.0,0.0,0.0,0.0,0.0,1.0,0.6,,0.6,0.6,0.6,0.6,0.6,1.0,5.0,,5.0,5.0,5.0,5.0,5.0,1,1,diamond,1
1180,9.0,1.1111111111111112,1.5365907428821477,0.0,0.0,0.0,2.0,4.0,9.0,2.2222222222222223,2.386303510546059,0.0,0.0,2.0,4.0,6.0,9.0,0.4222222222222222,0.04409585518440983,0.4,0.4,0.4,0.4,0.5,9.0,38.0,2.7386127875258306,34.0,36.0,38.0,40.0,42.0,9,1,diamond,9
1181,4.0,0.75,0.9574271077563381,0.0,0.0,0.5,1.25,2.0,4.0,0.5,0.5773502691896257,0.0,0.0,0.5,1.0,1.0,4.0,0.5,0.21602468994692867,0.3,0.375,0.45,0.575,0.8,4.0,180.0,32.01041497179733,163.0,163.75,164.5,180.75,228.0,4,1,diamond,4
1185,23.0,0.43478260869565216,0.8434823356732997,0.0,0.0,0.0,0.5,3.0,23.0,1.0434782608695652,1.2960871487802053,0.0,0.0,1.0,1.5,5.0,23.0,0.37650103521739137,0.3404786912462273,0.0,0.0,0.4,0.55,1.0,23.0,708.8260869565217,930.8783560884807,0.0,1.5,5.0,1935.5,1941.0,23,5,master,8
1187,4.0,0.5,1.0,0.0,0.0,0.0,0.5,2.0,4.0,1.25,0.9574271077563381,0.0,0.75,1.5,2.0,2.0,4.0,0.35,0.1914854215512676,0.2,0.2,0.30000000000000004,0.45,0.6,4.0,206.75,161.41535449475265,29.0,90.5,227.0,343.25,344.0,4,2,gold,2
1188,16.0,0.8125,0.9810708435174292,0.0,0.0,0.5,1.25,3.0,16.0,0.4375,0.51234753829798,0.0,0.0,0.0,1.0,1.0,16.0,0.48715277775000004,0.24735201626625433,0.0,0.38333333325,0.5,0.6285714284999999,0.833333333,16.0,15.375,16.871573726241426,0.0,6.75,10.5,15.25,57.0,16,3,silver,7
1191,43.0,1.0232558139534884,1.6688800363891498,0.0,0.0,0.0,1.0,7.0,43.0,1.3488372093023255,1.7979316281591142,0.0,0.0,1.0,2.0,7.0,43.0,0.4643687707674419,0.20269989464725535,0.0,0.333333333,0.428571429,0.6,0.8,43.0,180.74418604651163,428.0708715812669,2.0,8.0,15.0,70.0,1344.0,43,5,platinum,19
1192,10.0,0.5,0.7071067811865476,0.0,0.0,0.0,1.0,2.0,10.0,1.1,1.852925614624973,0.0,0.0,0.5,1.0,6.0,10.0,0.39,0.25582111805799856,0.0,0.3,0.4,0.4,1.0,10.0,37.2,26.046112953759533,0.0,12.75,46.5,51.0,66.0,10,3,silver,4
1193,7.0,0.14285714285714285,0.3779644730092273,0.0,0.0,0.0,0.0,1.0,7.0,1.2857142857142858,1.1126972805283737,0.0,0.5,1.0,2.0,3.0,7.0,0.4571428571428572,0.229906813420444,0.0,0.4,0.5,0.6,0.7,7.0,46.857142857142854,30.926949259120118,0.0,41.5,42.0,49.0,105.0,7,2,platinum,6
1196,585.0,1.2273504273504274,1.9101219180242002,0.0,0.0,1.0,2.0,11.0,585.0,0.9504273504273504,1.426007450389284,0.0,0.0,0.0,1.0,10.0,585.0,0.49021842354871825,0.22014712025984054,0.0,0.333333333,0.5,0.6,1.0,585.0,54.31452991452991,59.30352224656515,0.0,14.0,41.0,83.0,666.0,585,6,platinum,177
1200,16.0,0.875,1.2583057392117916,0.0,0.0,0.0,1.25,4.0,16.0,1.8125,3.1457643480294792,0.0,0.0,0.5,2.0,10.0,16.0,0.24379960318750005,0.18367103257458783,0.0,0.1,0.2,0.35714285700000004,0.555555556,16.0,10.5,8.406346808612328,0.0,3.75,7.5,19.25,23.0,16,2,unranked,10
1202,14.0,0.5,0.9405399431259602,0.0,0.0,0.0,0.75,3.0,14.0,2.642857142857143,2.5300393082122072,0.0,0.25,2.0,4.75,7.0,14.0,0.2668650793571429,0.20398587637072707,0.1,0.1,0.1625,0.475,0.6,14.0,70.92857142857143,82.07825935861858,8.0,11.25,14.5,175.75,179.0,14,1,diamond,14
1203,172.0,0.8255813953488372,1.0996209922829714,0.0,0.0,0.0,1.0,5.0,172.0,1.430232558139535,2.052188662909317,0.0,0.0,1.0,2.0,9.0,172.0,0.43097775931395343,0.19040172352971516,0.0,0.3,0.5,0.6,1.0,172.0,163.2325581395349,159.74681535367102,0.0,46.0,84.5,293.25,1033.0,172,5,gold,105
1204,1.0,2.0,,2.0,2.0,2.0,2.0,2.0,1.0,0.0,,0.0,0.0,0.0,0.0,0.0,1.0,0.6,,0.6,0.6,0.6,0.6,0.6,1.0,18.0,,18.0,18.0,18.0,18.0,18.0,1,1,diamond,1
1206,13.0,2.769230769230769,2.9482719841133536,0.0,0.0,2.0,5.0,8.0,13.0,0.6923076923076923,1.031553471276484,0.0,0.0,0.0,1.0,3.0,13.0,0.6692307692307691,0.08548504142651107,0.6,0.6,0.6,0.7,0.8,13.0,288.0,3.8944404818493075,282.0,285.0,288.0,291.0,294.0,13,1,silver,13
1208,26.0,0.7692307692307693,1.106623415898735,0.0,0.0,0.0,1.0,4.0,26.0,0.7692307692307693,1.0698669938900744,0.0,0.0,0.0,1.0,4.0,26.0,0.4333333333461539,0.2439034417451117,0.0,0.4,0.5,0.5,1.0,26.0,58.80769230769231,64.92704781877534,0.0,3.25,44.0,105.0,287.0,26,4,gold,12
1209,3.0,2.0,3.4641016151377544,0.0,0.0,0.0,3.0,6.0,3.0,1.6666666666666667,1.5275252316519468,0.0,1.0,2.0,2.5,3.0,3.0,0.3907407406666666,0.2681862568257474,0.222222222,0.23611111099999998,0.25,0.475,0.7,3.0,91.33333333333333,143.47241314389794,8.0,8.5,9.0,133.0,257.0,3,1,gold,3
1212,3.0,3.0,1.0,2.0,2.5,3.0,3.5,4.0,3.0,0.0,0.0,0.0,0.0,0.0,0.0,0.0,3.0,0.3333333333333333,0.057735026918962595,0.3,0.3,0.3,0.35,0.4,3.0,39.333333333333336,8.962886439832502,29.0,36.5,44.0,44.5,45.0,3,2,gold,2
1214,24.0,0.6666666666666666,1.0072203103706696,0.0,0.0,0.0,1.0,3.0,24.0,1.875,2.4013130466113926,0.0,0.0,1.0,2.25,8.0,24.0,0.41747685183333333,0.19056777183189305,0.0,0.3,0.5,0.5,0.7,24.0,16.083333333333332,6.460021985873656,2.0,12.0,15.0,20.25,32.0,24,3,silver,18
1215,32.0,0.84375,1.2210353882483664,0.0,0.0,0.0,1.0,4.0,32.0,1.65625,1.8247293215088625,0.0,0.0,1.0,3.0,6.0,32.0,0.39375000000000004,0.1389766747660637,0.1,0.3,0.4,0.5,0.8,32.0,152.8125,154.51180923653826,12.0,39.25,155.5,163.25,707.0,32,3,diamond,21
1217,16.0,1.25,1.570562531918633,0.0,0.0,1.0,2.0,5.0,16.0,0.5625,0.7274384280931732,0.0,0.0,0.0,1.0,2.0,16.0,0.5932291666875,0.13026639859896394,0.428571429,0.5,0.6,0.60625,1.0,16.0,14.875,13.764083696345354,1.0,6.75,8.5,18.5,42.0,16,3,gold,8
1218,29.0,0.4482758620689655,0.7831350411077503,0.0,0.0,0.0,1.0,3.0,29.0,1.206896551724138,1.0481040823733514,0.0,0.0,1.0,2.0,3.0,29.0,0.4735632183793103,0.15207018805209038,0.0,0.4,0.5,0.6,0.7,29.0,149.44827586206895,147.48694523508962,2.0,21.0,28.0,311.0,318.0,29,3,gold,25
1219,2.0,0.0,0.0,0.0,0.0,0.0,0.0,0.0,2.0,0.5,0.7071067811865476,0.0,0.25,0.5,0.75,1.0,2.0,0.25,0.3535533905932738,0.0,0.125,0.25,0.375,0.5,2.0,150.5,212.83914113715082,0.0,75.25,150.5,225.75,301.0,2,1,gold,2
1221,3.0,5.0,1.0,4.0,4.5,5.0,5.5,6.0,3.0,0.0,0.0,0.0,0.0,0.0,0.0,0.0,3.0,0.6,0.09999999999999998,0.5,0.55,0.6,0.6499999999999999,0.7,3.0,11.0,1.0,10.0,10.5,11.0,11.5,12.0,3,1,gold,3
1223,23.0,1.2608695652173914,1.4211836073673947,0.0,0.0,1.0,2.0,5.0,23.0,0.6521739130434783,0.9820523802070619,0.0,0.0,0.0,1.0,3.0,23.0,0.5043478260869564,0.1296087148780205,0.2,0.4,0.5,0.6,0.7,23.0,114.6086956521739,110.9355829178008,30.0,35.5,56.0,275.5,281.0,23,3,gold,10
1225,27.0,1.5185185185185186,2.375684037045887,0.0,0.0,0.0,1.5,8.0,27.0,1.1851851851851851,1.4685690847539847,0.0,0.0,1.0,2.0,5.0,27.0,0.5222222222222221,0.1187542171990709,0.3,0.45,0.5,0.6,0.8,27.0,917.3703703703703,272.28875342578004,13.0,990.5,997.0,1052.5,1059.0,27,4,unranked,23
1226,55.0,0.5454545454545454,0.78923736790374,0.0,0.0,0.0,1.0,3.0,55.0,1.1454545454545455,1.2082767315200023,0.0,0.0,1.0,2.0,4.0,55.0,0.363318903309091,0.2008172748224678,0.0,0.275,0.4,0.5,1.0,55.0,47.38181818181818,75.22078389624991,0.0,5.5,14.0,49.5,345.0,55,4,gold,23
1227,9.0,0.3333333333333333,0.9999999999999998,0.0,0.0,0.0,0.0,3.0,9.0,1.6666666666666667,1.224744871391589,0.0,1.0,1.0,2.0,4.0,9.0,0.2777777777777778,0.10929064207170001,0.0,0.3,0.3,0.3,0.4,9.0,50.55555555555556,26.091718566966374,4.0,45.0,47.0,73.0,75.0,9,3,unranked,7
1228,14.0,1.7142857142857142,2.2677868380553634,0.0,0.0,1.0,2.0,7.0,14.0,0.5714285714285714,0.7559289460184544,0.0,0.0,0.0,1.0,2.0,14.0,0.6214285714285713,0.13688047244316387,0.4,0.525,0.6,0.6749999999999999,0.9,14.0,68.07142857142857,48.9889536775137,6.0,47.25,61.5,74.5,225.0,14,4,gold,6
1229,50.0,0.82,1.0038700623291925,0.0,0.0,0.0,1.75,3.0,50.0,1.14,1.5254306852525956,0.0,0.0,0.5,2.0,6.0,50.0,0.42222222222000005,0.15377995358913182,0.0,0.3,0.4,0.5,0.7,50.0,30.64,14.512148324062561,0.0,19.25,31.5,40.75,75.0,50,3,diamond,42
1231,1.0,0.0,,0.0,0.0,0.0,0.0,0.0,1.0,0.0,,0.0,0.0,0.0,0.0,0.0,1.0,0.0,,0.0,0.0,0.0,0.0,0.0,1.0,0.0,,0.0,0.0,0.0,0.0,0.0,1,1,silver,1
1232,5.0,0.8,0.8366600265340756,0.0,0.0,1.0,1.0,2.0,5.0,0.2,0.44721359549995804,0.0,0.0,0.0,0.0,1.0,5.0,0.6833333334,0.4099457958715734,0.0,0.666666667,0.75,1.0,1.0,5.0,2.0,1.5811388300841898,0.0,1.0,2.0,3.0,4.0,5,1,silver,5
1233,353.0,0.9546742209631728,1.4433180557464758,0.0,0.0,0.0,1.0,11.0,353.0,1.0594900849858357,1.4613881828816675,0.0,0.0,1.0,2.0,9.0,353.0,0.4698289041756375,0.2163594049205948,0.0,0.3,0.5,0.6,1.0,353.0,77.62039660056658,94.37923881426698,0.0,13.0,54.0,91.0,996.0,353,6,gold,109
1234,2.0,1.0,1.4142135623730951,0.0,0.5,1.0,1.5,2.0,2.0,0.5,0.7071067811865476,0.0,0.25,0.5,0.75,1.0,2.0,0.6,0.0,0.6,0.6,0.6,0.6,0.6,2.0,270.5,0.7071067811865476,270.0,270.25,270.5,270.75,271.0,2,1,gold,2
1235,21.0,1.380952380952381,1.8296499795368097,0.0,0.0,1.0,2.0,6.0,21.0,0.9523809523809523,1.465475706935822,0.0,0.0,0.0,1.0,5.0,21.0,0.35032123961904765,0.2744056547934899,0.0,0.125,0.4,0.6,0.7,21.0,11.904761904761905,10.615577054050155,0.0,5.0,10.0,15.0,40.0,21,1,silver,21
1236,9.0,0.4444444444444444,0.7264831572567789,0.0,0.0,0.0,1.0,2.0,9.0,0.8888888888888888,1.0540925533894598,0.0,0.0,1.0,1.0,3.0,9.0,0.26666666666666666,0.2598076211353316,0.0,0.0,0.4,0.5,0.6,9.0,49.666666666666664,63.682807727046715,0.0,2.0,19.0,133.0,135.0,9,2,gold,7
1238,29.0,0.7586206896551724,1.0574623402207861,0.0,0.0,0.0,1.0,4.0,29.0,1.4137931034482758,1.9733445390885849,0.0,0.0,1.0,2.0,8.0,29.0,0.45681444989655173,0.17824655724174723,0.0,0.333333333,0.5,0.6,0.714285714,29.0,130.13793103448276,118.85817603283425,0.0,50.0,66.0,189.0,528.0,29,4,diamond,14
1239,21.0,0.47619047619047616,0.8728715609439694,0.0,0.0,0.0,1.0,3.0,21.0,1.4761904761904763,1.4359334113755982,0.0,0.0,1.0,2.0,5.0,21.0,0.4333333333333334,0.07958224257542215,0.3,0.4,0.4,0.5,0.6,21.0,98.42857142857143,99.78305037859455,21.0,44.0,49.0,54.0,274.0,21,3,diamond,14
1240,1.0,0.0,,0.0,0.0,0.0,0.0,0.0,1.0,1.0,,1.0,1.0,1.0,1.0,1.0,1.0,0.6,,0.6,0.6,0.6,0.6,0.6,1.0,60.0,,60.0,60.0,60.0,60.0,60.0,1,1,gold,1
1241,1.0,2.0,,2.0,2.0,2.0,2.0,2.0,1.0,0.0,,0.0,0.0,0.0,0.0,0.0,1.0,0.8,,0.8,0.8,0.8,0.8,0.8,1.0,27.0,,27.0,27.0,27.0,27.0,27.0,1,1,platinum,1
1246,48.0,1.5625,1.6746704979176485,0.0,0.0,1.0,3.0,6.0,48.0,0.4375,0.7410817280567471,0.0,0.0,0.0,1.0,3.0,48.0,0.5857638888958334,0.20665607337956984,0.0,0.5,0.6,0.7,1.0,48.0,43.791666666666664,27.11281265249104,0.0,33.0,44.5,56.25,117.0,48,3,bronze,37
1247,122.0,0.7295081967213115,1.2131298585276302,0.0,0.0,0.0,1.0,7.0,122.0,1.3852459016393444,1.7126014300008383,0.0,0.0,1.0,2.0,8.0,122.0,0.41443858964754077,0.1656261712773833,0.1,0.3,0.4,0.5,0.8,122.0,166.59016393442624,250.019528298394,6.0,34.25,68.5,174.75,982.0,122,5,gold,55
1248,581.0,0.9776247848537005,1.4267814769994713,0.0,0.0,0.0,1.0,10.0,581.0,0.9432013769363167,1.3229575314676802,0.0,0.0,0.0,1.0,7.0,581.0,0.47515094390877793,0.19511920398137467,0.0,0.4,0.5,0.6,1.0,581.0,182.01893287435456,249.04518628823578,0.0,14.0,36.0,514.0,660.0,581,6,unranked,279
1249,72.0,0.7361111111111112,1.1747706465465853,0.0,0.0,0.0,1.0,5.0,72.0,0.8888888888888888,1.0948735286865179,0.0,0.0,1.0,1.25,4.0,72.0,0.38537808641666665,0.23545776931517695,0.0,0.2964285715,0.4,0.5,1.0,72.0,52.31944444444444,66.04945359966099,0.0,2.75,13.5,146.25,194.0,72,6,gold,29
1252,4.0,1.25,1.2583057392117916,0.0,0.75,1.0,1.5,3.0,4.0,0.25,0.5,0.0,0.0,0.0,0.25,1.0,4.0,0.475,0.09574271077563379,0.4,0.4,0.45,0.525,0.6,4.0,130.0,124.00268814290546,46.0,46.75,82.5,165.75,309.0,4,2,gold,3
1259,2127.0,0.8086506817113305,1.1677544417576977,0.0,0.0,0.0,1.0,10.0,2127.0,1.1245886224729666,1.6273162109283679,0.0,0.0,1.0,2.0,14.0,2127.0,0.44977873299388704,0.19682620566486542,0.0,0.3,0.5,0.6,1.0,2127.0,164.16455101081334,236.5172139136836,0.0,17.0,49.0,246.0,2948.0,2127,6,platinum,743
1261,11.0,0.36363636363636365,0.9244162777371754,0.0,0.0,0.0,0.0,3.0,11.0,2.6363636363636362,1.8040358795061298,0.0,1.5,3.0,4.0,5.0,11.0,0.35454545454545455,0.1634847782739198,0.1,0.25,0.4,0.45,0.6,11.0,70.81818181818181,3.6556307750696546,64.0,68.5,71.0,73.5,76.0,11,1,diamond,11
1262,112.0,0.9017857142857143,1.1621649681208828,0.0,0.0,1.0,1.0,5.0,112.0,0.9107142857142857,1.2269758577371266,0.0,0.0,0.0,1.0,5.0,112.0,0.47708333333035696,0.13586421193584217,0.2,0.4,0.5,0.6,0.7,112.0,88.53571428571429,91.03062830484743,9.0,26.75,46.5,169.25,525.0,112,5,silver,47
1265,25.0,0.8,1.5000000000000002,0.0,0.0,0.0,1.0,6.0,25.0,1.84,2.0952326839756963,0.0,0.0,1.0,3.0,7.0,25.0,0.396,0.18138357147217055,0.1,0.3,0.4,0.5,0.8,25.0,142.44,184.1552967832675,16.0,56.0,61.0,67.0,691.0,25,5,unranked,16
1268,19.0,2.0,1.5986105077709065,0.0,1.0,2.0,3.0,5.0,19.0,0.21052631578947367,0.41885390829169555,0.0,0.0,0.0,0.0,1.0,19.0,0.5384085213157895,0.11260884138597152,0.4,0.4,0.571428571,0.6125,0.7,19.0,168.89473684210526,202.48865393093075,5.0,9.5,204.0,213.5,676.0,19,3,platinum,8
1269,10172.0,1.0010813999213528,1.4143869428858444,0.0,0.0,0.0,1.25,15.0,10172.0,0.950157294534015,1.3498937477833062,0.0,0.0,0.0,1.0,13.0,10172.0,0.49016940371568984,0.17833213616410548,0.0,0.4,0.5,0.6,1.0,10172.0,287.73918600078645,391.05501214143317,0.0,39.0,125.0,372.0,3031.0,10172,7,gold,3742
1271,73.0,0.410958904109589,1.0251777141110185,0.0,0.0,0.0,0.0,7.0,73.0,4.082191780821918,5.200837071134516,0.0,1.0,2.0,5.0,20.0,73.0,0.25704500979452055,0.21387395711668633,0.0,0.1,0.2,0.4,0.8,73.0,81.72602739726027,133.96934353653583,0.0,14.0,31.0,53.0,607.0,73,5,gold,50
1273,20.0,1.5,1.3178930553209385,0.0,0.75,1.0,2.25,4.0,20.0,0.25,0.4442616583193193,0.0,0.0,0.0,0.25,1.0,20.0,0.615,0.18715318802914815,0.0,0.575,0.7,0.7,0.8,20.0,63.4,40.27197013987978,1.0,24.75,64.5,69.25,130.0,20,3,silver,17
1275,87.0,0.6781609195402298,1.0172266545991857,0.0,0.0,0.0,1.0,4.0,87.0,1.3218390804597702,1.6459552458916407,0.0,0.0,1.0,2.0,7.0,87.0,0.48347016966666667,0.14887740335030947,0.0,0.4,0.5,0.55,1.0,87.0,105.83908045977012,142.81536898299592,0.0,19.0,46.0,135.5,738.0,87,5,gold,32
1276,2491.0,0.8799678843837816,1.2889880214533205,0.0,0.0,0.0,1.0,10.0,2491.0,1.1067844239261342,1.6016551859351034,0.0,0.0,1.0,2.0,13.0,2491.0,0.4706549928948218,0.17808873473119252,0.0,0.4,0.5,0.6,1.0,2491.0,275.45845042151745,371.3716972656473,0.0,46.0,117.0,344.0,3048.0,2491,7,diamond,909
1277,4288.0,1.0380130597014925,1.4603701924396861,0.0,0.0,1.0,2.0,12.0,4288.0,0.9790111940298507,1.3982987270044325,0.0,0.0,0.0,1.0,11.0,4288.0,0.504838067845383,0.17055610254099113,0.0,0.4,0.5,0.6,1.0,4288.0,362.71735074626866,444.06961352205576,0.0,58.0,174.0,511.0,3407.0,4288,7,platinum,1974
1278,37.0,0.32432432432432434,0.7473677532236446,0.0,0.0,0.0,0.0,4.0,37.0,2.054054054054054,2.026846838838127,0.0,0.0,1.0,3.0,7.0,37.0,0.21621621621621623,0.13231593822177093,0.0,0.2,0.2,0.3,0.7,37.0,39.37837837837838,48.7638022349407,0.0,22.0,31.0,40.0,234.0,37,3,diamond,32
1279,78.0,0.5641025641025641,0.8913690563054082,0.0,0.0,0.0,1.0,4.0,78.0,1.5897435897435896,1.8824955627542772,0.0,0.0,1.0,2.0,7.0,78.0,0.3152319902307693,0.17082813305701253,0.0,0.2,0.3,0.4,0.7,78.0,34.3974358974359,20.394384090501543,0.0,16.25,34.5,50.75,70.0,78,2,diamond,53
1280,45.0,0.4666666666666667,0.6605782590758161,0.0,0.0,0.0,1.0,2.0,45.0,1.2222222222222223,1.312334645668635,0.0,0.0,1.0,2.0,5.0,45.0,0.363703703688889,0.11427687055330485,0.1,0.3,0.4,0.4,0.7,45.0,256.68888888888887,623.028921779509,3.0,134.0,145.0,156.0,3101.0,45,3,gold,35
1285,10.0,1.7,1.4181364924121764,0.0,0.25,2.0,2.75,4.0,10.0,0.7,1.5670212364724205,0.0,0.0,0.0,0.75,5.0,10.0,0.51,0.1911950719959998,0.2,0.325,0.6,0.6749999999999999,0.7,10.0,102.8,68.23293437434252,29.0,51.0,96.5,103.75,224.0,10,3,gold,6
1287,58.0,0.896551724137931,1.2381318011127895,0.0,0.0,0.0,1.0,5.0,58.0,1.4310344827586208,2.5759486003747307,0.0,0.0,0.5,2.0,12.0,58.0,0.4385057471379311,0.21382998878614237,0.0,0.3,0.45,0.6,0.8,58.0,346.55172413793105,180.5877511742371,0.0,296.25,446.5,460.75,480.0,58,5,diamond,42
1297,13.0,1.7692307692307692,2.5217006878244606,0.0,0.0,1.0,2.0,7.0,13.0,1.1538461538461537,2.1926450482675732,0.0,0.0,0.0,1.0,8.0,13.0,0.4256410256153847,0.20734380385384366,0.0,0.333333333,0.4,0.6,0.7,13.0,66.76923076923077,44.09299612968377,2.0,5.0,91.0,95.0,102.0,13,3,gold,5
1299,29.0,0.4482758620689655,0.9097176522946843,0.0,0.0,0.0,1.0,4.0,29.0,1.8275862068965518,1.8721447883041484,0.0,0.0,1.0,3.0,6.0,29.0,0.2738368910689655,0.2627134394615995,0.0,0.0,0.25,0.4,0.8,29.0,74.72413793103448,126.03624664349654,0.0,4.0,7.0,135.0,399.0,29,6,bronze,15
1301,8.0,0.25,0.4629100498862757,0.0,0.0,0.0,0.25,1.0,8.0,1.75,1.9820624179302297,0.0,0.75,1.0,2.25,6.0,8.0,0.4875,0.18077215335491087,0.1,0.475,0.5,0.6,0.7,8.0,90.375,219.27017743935383,8.0,11.75,13.5,15.5,633.0,8,3,unranked,5
1302,7.0,0.42857142857142855,0.7867957924694431,0.0,0.0,0.0,0.5,2.0,7.0,3.0,2.943920288775949,0.0,0.5,2.0,5.5,7.0,7.0,0.34285714285714286,0.12724180205607036,0.2,0.25,0.3,0.45,0.5,7.0,1034.2857142857142,700.1080188765432,40.0,549.0,1524.0,1525.5,1527.0,7,3,diamond,4
1303,177.0,0.9152542372881356,1.4804191927060775,0.0,0.0,0.0,1.0,8.0,177.0,1.5593220338983051,2.7835016356977773,0.0,0.0,0.0,2.0,15.0,177.0,0.39373598780225993,0.26698842990316396,0.0,0.1,0.5,0.6,1.0,177.0,46.378531073446325,110.39695005715014,0.0,4.0,21.0,45.0,1035.0,177,6,silver,85
1305,100.0,0.72,1.0452393278695806,0.0,0.0,0.0,1.0,5.0,100.0,0.94,1.339531050160255,0.0,0.0,0.0,1.0,6.0,100.0,0.41728571427999994,0.22973031233136026,0.0,0.3,0.4,0.525,1.0,100.0,117.46,394.62050354509176,0.0,4.0,22.0,145.25,2814.0,100,6,unranked,45
1306,15.0,0.8666666666666667,1.1254628677422753,0.0,0.0,1.0,1.0,4.0,15.0,0.7333333333333333,1.2798809468443688,0.0,0.0,0.0,1.0,5.0,15.0,0.37629629626666666,0.2059034664667444,0.0,0.3,0.4,0.5,0.7,15.0,94.86666666666666,177.7907544867066,1.0,9.5,14.0,76.0,521.0,15,5,platinum,4
1307,3776.0,0.8945974576271186,1.3012525588918749,0.0,0.0,0.0,1.0,10.0,3776.0,1.0489936440677967,1.4608294999893219,0.0,0.0,1.0,2.0,12.0,3776.0,0.46770370930799793,0.18676086563605102,0.0,0.4,0.5,0.6,1.0,3776.0,208.9353813559322,377.22390288715445,0.0,25.0,72.0,235.0,3246.0,3776,7,gold,1261
1308,148.0,0.5675675675675675,0.8584288936607354,0.0,0.0,0.0,1.0,4.0,148.0,1.364864864864865,1.5742340698842519,0.0,0.0,1.0,2.0,6.0,148.0,0.38194444445270254,0.203875596742552,0.0,0.3,0.4,0.5,1.0,148.0,46.527027027027025,46.39045262230869,0.0,12.75,28.0,85.25,261.0,148,6,diamond,54
1309,1463.0,0.9412166780587833,1.32299059990504,0.0,0.0,0.0,1.0,8.0,1463.0,0.9863294600136705,1.3941755403138674,0.0,0.0,0.0,2.0,12.0,1463.0,0.47721386800478444,0.18610047212010433,0.0,0.4,0.5,0.6,1.0,1463.0,184.00615174299384,262.8495522214809,0.0,21.0,80.0,195.5,1288.0,1463,6,platinum,545
1336,2366.0,0.974218089602705,1.3753227264494243,0.0,0.0,1.0,1.0,13.0,2366.0,0.8588334742180896,1.1538794533989245,0.0,0.0,0.0,1.0,7.0,2366.0,0.502222457030431,0.18094135417656212,0.0,0.4,0.5,0.6,1.0,2366.0,268.2037193575655,318.4894247233009,0.0,29.0,131.5,419.75,1448.0,2366,7,platinum,838
1337,1872.0,0.9620726495726496,1.3940982649265832,0.0,0.0,0.0,1.0,11.0,1872.0,0.9476495726495726,1.4260442380787333,0.0,0.0,0.0,1.0,15.0,1872.0,0.49203593474305596,0.18728650317354922,0.0,0.4,0.5,0.6,1.0,1872.0,154.54433760683762,248.88944602813032,0.0,20.0,64.0,197.0,3268.0,1872,6,platinum,601
1338,360.0,0.9555555555555556,1.463853129847021,0.0,0.0,0.0,1.0,9.0,360.0,1.0555555555555556,1.4596608230522101,0.0,0.0,1.0,2.0,9.0,360.0,0.47719686949444384,0.2084924917161563,0.0,0.4,0.5,0.6,1.0,360.0,103.23055555555555,248.9537207045023,0.0,13.0,35.0,80.0,1508.0,360,6,unranked,82
1339,149.0,0.7516778523489933,1.0326169868182629,0.0,0.0,0.0,1.0,5.0,149.0,1.0402684563758389,1.4088484593803114,0.0,0.0,1.0,2.0,8.0,149.0,0.48023862789261734,0.16201643555047193,0.0,0.4,0.5,0.6,0.9,149.0,277.7315436241611,146.7738484177542,0.0,294.0,329.0,362.0,873.0,149,6,platinum,119
1340,403.0,1.119106699751861,1.6392897369960795,0.0,0.0,1.0,2.0,10.0,403.0,1.0049627791563276,1.3929371188316884,0.0,0.0,0.0,2.0,7.0,403.0,0.5017448501290327,0.18978503129203955,0.0,0.4,0.5,0.6,1.0,403.0,167.6153846153846,243.8558897927329,0.0,27.0,75.0,201.0,1251.0,403,6,platinum,126
1341,372.0,0.9354838709677419,1.5104769894269168,0.0,0.0,0.0,1.0,9.0,372.0,1.381720430107527,2.0687611687630962,0.0,0.0,1.0,2.0,12.0,372.0,0.44008896569086015,0.22391766181217446,0.0,0.3,0.444444444,0.6,1.0,372.0,123.58602150537635,205.9055749315752,0.0,15.0,40.0,172.25,1372.0,372,6,gold,142
1343,18.0,0.6111111111111112,0.7775443160352296,0.0,0.0,0.5,1.0,3.0,18.0,1.0555555555555556,1.7647603477433758,0.0,0.0,0.0,1.0,6.0,18.0,0.5324074073888889,0.28915428986685,0.0,0.34999999975,0.5,0.7125,1.0,18.0,29.5,44.045764969684726,0.0,3.0,11.5,19.75,122.0,18,4,unranked,8
1344,175.0,0.7828571428571428,1.1083501548163577,0.0,0.0,0.0,1.0,5.0,175.0,1.4057142857142857,1.9713381383794186,0.0,0.0,1.0,2.0,10.0,175.0,0.43122675737142874,0.21065742038564894,0.0,0.3,0.4,0.6,1.0,175.0,67.25714285714285,57.54375789127428,0.0,18.0,47.0,115.5,251.0,175,6,gold,80
1348,1530.0,0.8529411764705882,1.2027632684198306,0.0,0.0,0.0,1.0,10.0,1530.0,1.1405228758169934,1.6131384174212189,0.0,0.0,1.0,2.0,11.0,1530.0,0.45410701317516317,0.17464591437559923,0.0,0.3,0.5,0.6,1.0,1530.0,506.9718954248366,780.2447737681308,0.0,35.25,134.0,348.0,2348.0,1530,7,platinum,381
1349,640.0,0.8234375,1.2005791752421158,0.0,0.0,0.0,1.0,8.0,640.0,1.0796875,1.445372486119289,0.0,0.0,1.0,2.0,8.0,640.0,0.45302765377031246,0.20309145647442808,0.0,0.3,0.5,0.6,1.0,640.0,80.9,146.88241493952373,0.0,13.0,30.0,67.25,824.0,640,6,gold,238
1350,3713.0,1.0681389711823324,1.5491029836514174,0.0,0.0,0.0,2.0,12.0,3713.0,0.9332076488015082,1.4114902838361565,0.0,0.0,0.0,1.0,16.0,3713.0,0.4997653033735512,0.1972879941873451,0.0,0.4,0.5,0.6,1.0,3713.0,285.7271747912739,474.82391093714574,0.0,20.0,84.0,351.0,3272.0,3713,7,platinum,1185
1351,5961.0,0.8914611642341889,1.2746084655609793,0.0,0.0,0.0,1.0,10.0,5961.0,1.0135883241066934,1.4330646834216618,0.0,0.0,1.0,2.0,13.0,5961.0,0.4792064424051304,0.18222801697710983,0.0,0.4,0.5,0.6,1.0,5961.0,368.83442375440364,518.3813406734768,0.0,32.0,130.0,493.0,2310.0,5961,7,diamond,2051
1352,910.0,0.967032967032967,1.5130568469209231,0.0,0.0,0.0,1.0,11.0,910.0,0.9296703296703297,1.2766408157293203,0.0,0.0,0.0,1.0,10.0,910.0,0.47471568114615426,0.21158626944176548,0.0,0.4,0.5,0.6,1.0,910.0,171.6175824175824,204.17543234009943,0.0,14.25,56.0,297.0,733.0,910,6,platinum,335
1354,57.0,1.0,1.0350983390135313,0.0,0.0,1.0,2.0,3.0,57.0,0.6666666666666666,0.9697815168769665,0.0,0.0,0.0,1.0,4.0,57.0,0.5350877192982458,0.13691919941308373,0.2,0.5,0.6,0.6,0.8,57.0,138.94736842105263,95.52756166465251,28.0,42.0,212.0,226.0,286.0,57,3,gold,27
1356,1671.0,1.071214841412328,1.5053846334190117,0.0,0.0,1.0,2.0,11.0,1671.0,0.9168162776780371,1.2979572764061211,0.0,0.0,0.0,1.0,8.0,1671.0,0.4944791162034702,0.19788668637034787,0.0,0.4,0.5,0.6,1.0,1671.0,195.8061041292639,278.1749903498344,0.0,20.0,75.0,274.0,2357.0,1671,6,platinum,528
1357,27293.0,1.0153152823068186,1.4136382437265247,0.0,0.0,1.0,2.0,29.0,27293.0,0.9583043271168431,1.383601833996079,0.0,0.0,0.0,1.0,15.0,27293.0,0.5035150300179251,0.17646507076280066,0.0,0.4,0.5,0.6,1.0,27293.0,402.02202029824497,530.6122070049753,0.0,49.0,187.0,567.0,3265.0,27293,7,diamond,13397
1359,5628.0,0.9905828002842928,1.440392010229853,0.0,0.0,0.0,1.0,14.0,5628.0,1.052594171997157,1.6169767618693323,0.0,0.0,1.0,2.0,19.0,5628.0,0.4888478525732057,0.17952146629392962,0.0,0.4,0.5,0.6,1.0,5628.0,308.3121890547264,438.6773281151074,0.0,39.0,117.0,315.0,2308.0,5628,7,platinum,2143
1360,3080.0,0.937987012987013,1.3664608203636994,0.0,0.0,0.0,1.0,12.0,3080.0,1.1168831168831168,1.6092782780289254,0.0,0.0,1.0,2.0,13.0,3080.0,0.48530947227370114,0.1741022518839753,0.0,0.4,0.5,0.6,1.0,3080.0,610.6652597402598,790.9802186907799,0.0,51.0,267.5,868.25,2984.0,3080,7,platinum,1110
1361,1878.0,0.996272630457934,1.4102475077983987,0.0,0.0,0.0,2.0,11.0,1878.0,0.9637912673056444,1.3406353121007986,0.0,0.0,0.0,1.0,7.0,1878.0,0.4936098010383391,0.17916669118266154,0.0,0.4,0.5,0.6,1.0,1878.0,331.70607028753994,452.8053170715275,0.0,44.0,120.5,355.75,1760.0,1878,7,platinum,769
1363,15.0,1.0,1.0690449676496976,0.0,0.0,1.0,1.5,3.0,15.0,0.7333333333333333,1.0997835284835873,0.0,0.0,0.0,1.0,3.0,15.0,0.49999999999999994,0.18126539343499315,0.0,0.4,0.6,0.6,0.7,15.0,530.0666666666667,570.1212235339161,3.0,189.5,278.0,858.0,1438.0,15,3,platinum,5
1364,5450.0,0.9555963302752294,1.375082660684656,0.0,0.0,0.0,1.0,10.0,5450.0,1.0192660550458716,1.4568471340781974,0.0,0.0,1.0,2.0,14.0,5450.0,0.47739820882422057,0.19149659614093872,0.0,0.4,0.5,0.6,1.0,5450.0,241.69706422018348,463.3103569437605,0.0,20.0,57.5,300.75,3245.0,5450,7,platinum,1950
1365,11584.0,0.9595131215469613,1.3559978533142087,0.0,0.0,0.0,1.0,12.0,11584.0,0.945010359116022,1.332490396547022,0.0,0.0,0.0,1.0,12.0,11584.0,0.49155618998195677,0.18155803317994423,0.0,0.4,0.5,0.6,1.0,11584.0,388.2165918508287,483.9669606040461,0.0,46.0,206.0,579.0,3273.0,11584,7,diamond,5179
1369,19.0,1.105263157894737,1.4100723717480785,0.0,0.0,1.0,1.5,4.0,19.0,0.8947368421052632,1.7917941611104424,0.0,0.0,0.0,1.0,7.0,19.0,0.3802005012631578,0.22089891222405636,0.0,0.2,0.4,0.5357142855,0.8,19.0,29.736842105263158,55.921415203502974,0.0,6.0,10.0,25.5,237.0,19,5,gold,7
1370,1771.0,0.9937888198757764,1.359405751906176,0.0,0.0,0.0,2.0,8.0,1771.0,1.0,1.4025803500755596,0.0,0.0,0.0,2.0,11.0,1771.0,0.49272964785375517,0.18009928103168266,0.0,0.4,0.5,0.6,1.0,1771.0,330.9130434782609,423.20898966286904,0.0,33.0,119.0,476.5,3156.0,1771,7,diamond,657
1371,1904.0,0.979516806722689,1.511594905005206,0.0,0.0,0.0,1.0,12.0,1904.0,1.0898109243697478,1.549268356118788,0.0,0.0,1.0,2.0,9.0,1904.0,0.4644124316386553,0.20853773072949242,0.0,0.3,0.5,0.6,1.0,1904.0,97.0798319327731,152.14665717426846,0.0,15.0,43.0,130.0,1582.0,1904,6,platinum,630
1372,996.0,0.9006024096385542,1.367666698999419,0.0,0.0,0.0,1.0,9.0,996.0,1.2771084337349397,1.7088354706106825,0.0,0.0,1.0,2.0,9.0,996.0,0.4503713265742973,0.1839743827018711,0.0,0.3,0.5,0.6,1.0,996.0,395.0983935742972,493.3151462554701,0.0,25.0,71.5,798.25,2327.0,996,6,diamond,472
1373,136.0,0.7426470588235294,1.0036697371030334,0.0,0.0,0.0,1.0,5.0,136.0,1.125,1.4007273242987148,0.0,0.0,1.0,2.0,6.0,136.0,0.49650735294117654,0.14386119834749822,0.2,0.4,0.5,0.6,0.8,136.0,415.4852941176471,309.13904303772955,8.0,110.75,606.5,638.25,1106.0,136,4,diamond,65
1374,490.0,0.8,1.1006597761071681,0.0,0.0,0.0,1.0,7.0,490.0,1.0408163265306123,1.3990821366491537,0.0,0.0,1.0,2.0,7.0,490.0,0.47267735665918365,0.14769780293746798,0.0,0.4,0.5,0.6,0.9,490.0,533.8224489795919,207.07659170566836,0.0,444.25,566.5,690.75,813.0,490,5,diamond,437
1376,3782.0,1.0179799048122686,1.4037748412542972,0.0,0.0,1.0,2.0,10.0,3782.0,0.9138022210470651,1.2885576144473092,0.0,0.0,0.0,1.0,12.0,3782.0,0.4998570924920675,0.1676771282884891,0.0,0.4,0.5,0.6,1.0,3782.0,397.17080909571655,429.894283966136,0.0,69.0,239.5,634.75,2792.0,3782,7,platinum,1797
1378,572.0,1.013986013986014,1.449613821325331,0.0,0.0,0.0,1.0,8.0,572.0,1.0244755244755244,1.6516495722102766,0.0,0.0,0.0,1.0,14.0,572.0,0.5023504273496497,0.18327404002816824,0.0,0.4,0.5,0.6,1.0,572.0,1062.9702797202797,1440.7854508574042,0.0,24.75,181.5,1426.25,3875.0,572,7,unranked,185
1381,902.0,0.8303769401330376,1.503620370831225,0.0,0.0,0.0,1.0,14.0,902.0,1.2161862527716185,1.5938434830660888,0.0,0.0,1.0,2.0,10.0,902.0,0.4094516594523281,0.22263286735521182,0.0,0.3,0.4,0.59285714275,1.0,902.0,125.1219512195122,248.70696597143103,0.0,9.0,28.0,87.75,2817.0,902,6,platinum,206
1382,480.0,0.75625,1.1866350822268872,0.0,0.0,0.0,1.0,9.0,480.0,1.1625,1.4630629637538284,0.0,0.0,1.0,2.0,7.0,480.0,0.44986689814791647,0.20585989832950513,0.0,0.3,0.5,0.6,1.0,480.0,75.65833333333333,151.90731686063322,0.0,10.0,25.0,47.25,913.0,480,6,platinum,168
1383,13901.0,1.087044097546939,1.5486981453676922,0.0,0.0,1.0,2.0,15.0,13901.0,0.9407236889432415,1.3547453587400906,0.0,0.0,0.0,1.0,10.0,13901.0,0.5138595715964326,0.1650087593081178,0.0,0.4,0.5,0.6,1.0,13901.0,532.545428386447,535.6344822746019,0.0,116.0,323.0,752.0,3195.0,13901,7,diamond,7507
1385,24003.0,1.0326209223847018,1.4568689726512372,0.0,0.0,1.0,2.0,16.0,24003.0,0.9853768278965129,1.4423029442385031,0.0,0.0,0.0,1.0,17.0,24003.0,0.501807016186439,0.1744667309845068,0.0,0.4,0.5,0.6,1.0,24003.0,452.8660584093655,594.1056343140341,0.0,65.0,223.0,600.0,4110.0,24003,7,diamond,9935
1386,128.0,0.6015625,0.958508057791062,0.0,0.0,0.0,1.0,4.0,128.0,1.71875,2.080798983431321,0.0,0.0,1.0,3.0,11.0,128.0,0.35174541170312507,0.17519437482287278,0.0,0.2,0.3,0.5,0.8,128.0,70.46875,73.96380658835353,0.0,26.0,44.0,121.25,540.0,128,6,silver,52
1387,39822.0,1.0361358043292652,1.4806198929027339,0.0,0.0,1.0,2.0,16.0,39822.0,1.0282507156847973,1.5073813509110197,0.0,0.0,0.0,2.0,17.0,39822.0,0.5015265451097861,0.17343078575837495,0.0,0.4,0.5,0.6,1.0,39822.0,463.0234794837025,590.1402981994148,0.0,68.0,243.0,610.0,3708.0,39822,7,diamond,22497
1389,849.0,0.8433451118963486,1.2977506392058549,0.0,0.0,0.0,1.0,9.0,849.0,1.160188457008245,1.6180782808420178,0.0,0.0,1.0,2.0,10.0,849.0,0.45182661207302705,0.19432342012738238,0.0,0.3,0.5,0.6,1.0,849.0,108.49469964664311,152.1577051871397,0.0,24.0,53.0,150.0,2179.0,849,6,diamond,234
1391,179.0,0.8156424581005587,1.138982892210844,0.0,0.0,0.0,1.0,5.0,179.0,1.1955307262569832,1.7771275026197337,0.0,0.0,1.0,2.0,10.0,179.0,0.4516094706089389,0.21146230599197163,0.0,0.3,0.5,0.6,1.0,179.0,140.19553072625698,276.73544495920163,0.0,13.0,28.0,151.5,1825.0,179,6,diamond,64
1392,734.0,0.840599455040872,1.272197257178682,0.0,0.0,0.0,1.0,8.0,734.0,1.2343324250681198,1.6442445085632438,0.0,0.0,1.0,2.0,10.0,734.0,0.4374410708869213,0.17691430499087152,0.0,0.3,0.4,0.6,1.0,734.0,71.62397820163488,104.34579030125253,0.0,19.0,38.0,107.75,939.0,734,6,unranked,232
1393,7990.0,0.9969962453066333,1.405153324570331,0.0,0.0,0.0,1.0,12.0,7990.0,1.0051314142678347,1.4877473292400059,0.0,0.0,0.0,1.0,14.0,7990.0,0.4977268212247789,0.17640370888347884,0.0,0.4,0.5,0.6,1.0,7990.0,344.39586983729663,479.3789368390674,0.0,46.0,136.0,419.0,3760.0,7990,7,diamond,2717
1394,632.0,0.8670886075949367,1.2288369793311642,0.0,0.0,0.0,1.0,7.0,632.0,1.2911392405063291,1.7982340252985456,0.0,0.0,1.0,2.0,11.0,632.0,0.45023608599525283,0.17810025708918942,0.0,0.3,0.5,0.6,1.0,632.0,292.92879746835445,485.7464590683524,0.0,27.0,65.0,330.25,1823.0,632,5,gold,240
1396,317.0,0.7886435331230284,1.0506765703301078,0.0,0.0,0.0,1.0,5.0,317.0,1.160883280757098,1.5618016947749385,0.0,0.0,1.0,2.0,8.0,317.0,0.4462871163217665,0.16016740361845602,0.0,0.3,0.5,0.6,1.0,317.0,186.37854889589906,281.6078754008152,0.0,24.0,44.0,173.0,900.0,317,6,gold,116
1397,1579.0,0.7998733375554148,1.303393244954624,0.0,0.0,0.0,1.0,9.0,1579.0,1.3217226092463585,1.8045437852309056,0.0,0.0,1.0,2.0,16.0,1579.0,0.416790313336289,0.21128266618476735,0.0,0.3,0.4,0.5857142854999999,1.0,1579.0,90.16592780240659,171.55074505402325,0.0,13.0,34.0,90.0,3763.0,1579,7,silver,434
1398,50420.0,0.98490678302261,1.4115008033920102,0.0,0.0,0.0,1.0,15.0,50420.0,1.0343117810392701,1.5268389063454295,0.0,0.0,1.0,2.0,29.0,50420.0,0.48878721123489355,0.17727067377185202,0.0,0.4,0.5,0.6,1.0,50420.0,436.9767354224514,663.1032554906151,0.0,44.0,161.0,546.0,4124.0,50420,7,diamond,19947
1400,12556.0,0.9835935011150048,1.42304580380106,0.0,0.0,0.0,1.0,16.0,12556.0,1.0191143676330041,1.4455582293102394,0.0,0.0,1.0,2.0,13.0,12556.0,0.4853018161164423,0.1797240928782844,0.0,0.4,0.5,0.6,1.0,12556.0,315.7588403950303,535.404560115369,0.0,31.0,110.0,347.25,4021.0,12556,7,platinum,4157
1401,89447.0,1.0743680615336457,1.5325596056198232,0.0,0.0,1.0,2.0,18.0,89447.0,0.9774838731315751,1.4401763328774868,0.0,0.0,0.0,1.0,20.0,89447.0,0.5100022962964684,0.1703020074337261,0.0,0.4,0.5,0.6,1.0,89447.0,475.1319664158664,646.6749545821289,0.0,65.0,214.0,616.0,3911.0,89447,7,diamond,51596
1403,133.0,0.6616541353383458,1.006698911121504,0.0,0.0,0.0,1.0,5.0,133.0,1.6390977443609023,2.5266409185483294,0.0,0.0,1.0,2.0,13.0,133.0,0.3858694354887219,0.2298846965154843,0.0,0.2,0.4,0.6,1.0,133.0,37.48872180451128,52.16184262834415,0.0,11.0,27.0,41.0,295.0,133,6,bronze,49
1406,22220.0,1.0313231323132313,1.4366030121738678,0.0,0.0,1.0,2.0,16.0,22220.0,0.9816381638163817,1.4242426072840184,0.0,0.0,0.0,1.0,14.0,22220.0,0.5027915291532004,0.17307618750511286,0.0,0.4,0.5,0.6,1.0,22220.0,332.4568406840684,424.9146115331754,0.0,52.0,180.0,445.0,3206.0,22220,7,diamond,9465
1411,5311.0,1.019205422707588,1.4550413075130717,0.0,0.0,0.0,2.0,11.0,5311.0,0.9917153078516286,1.4064443737888481,0.0,0.0,0.0,1.0,9.0,5311.0,0.49206640605027174,0.18179917231779033,0.0,0.4,0.5,0.6,1.0,5311.0,169.08435322914704,252.78258532659655,0.0,32.0,72.0,172.0,2407.0,5311,7,diamond,1909
1413,11.0,0.45454545454545453,0.6875516509523286,0.0,0.0,0.0,1.0,2.0,11.0,1.6363636363636365,1.7477257950106058,0.0,0.0,1.0,2.5,5.0,11.0,0.36363636363636354,0.05045249791095132,0.3,0.3,0.4,0.4,0.4,11.0,45.0,3.3166247903554,40.0,42.5,45.0,47.5,50.0,11,1,gold,11
1415,6265.0,0.9717478052673584,1.3801641304803198,0.0,0.0,0.0,1.0,10.0,6265.0,1.0517158818834798,1.5411161414408538,0.0,0.0,1.0,2.0,16.0,6265.0,0.48999854317941055,0.1745507958997658,0.0,0.4,0.5,0.6,1.0,6265.0,414.9776536312849,542.8417691023502,0.0,68.0,226.0,519.0,4126.0,6265,7,diamond,2621
1416,58.0,0.5862068965517241,0.7954802755087853,0.0,0.0,0.0,1.0,3.0,58.0,1.293103448275862,1.5102993857923475,0.0,0.0,1.0,2.0,5.0,58.0,0.4931034482758621,0.13874382422230763,0.1,0.4,0.5,0.6,0.7,58.0,1162.3793103448277,1044.2636594469911,11.0,200.25,592.5,2401.25,2418.0,58,5,platinum,25
